TransactionID,InvoiceNumber,InvoiceDate,DueDate,PaymentDate,SupplierID,SupplierName,SupplierCategory,Department,CostCentre,AccountCode,ExpenseCategory,ExpenseType,NetAmount,VATAmount,GrossAmount,Currency,PaymentStatus,PaymentMethod,TransactionType,FiscalYear,DaysToPayment
TXN-000001,INV-20231200001,2023-12-07,2024-01-06,2024-01-05,SUP-1008,SAV United Kingdom Ltd,IT Hardware,ICT Operations,ICT001,4200,Supplies And Services,Network Equipment,-2254.13,-450.83,-2704.96,GBP,Paid,BACS,Credit Note,2023/2024,-1
TXN-000002,INV-20240800002,2024-08-30,2024-09-13,2024-09-05,SUP-1006,Edmundson Electrical Ltd,Electrical Supplies,Housing,HSG001,5100,Supplies And Services,Electrical Materials,43032.17,8606.43,51638.60,GBP,Paid,Direct Debit,Invoice,2024/2025,-8
TXN-000003,INV-20230400003,2023-04-07,2023-05-07,,SUP-1015,Vodafone Ltd,Telecoms,Operations,OPS001,4500,Supplies And Services,Mobile Services,20579.97,4115.99,24695.96,GBP,Pending,,Invoice,2023/2024,
TXN-000004,INV-20230700004,2023-07-14,2023-08-13,2023-08-12,SUP-1010,Vital Energi Utilities Ltd,Energy & Utilities,Housing,HSG001,5100,Supplies And Services,Utilities,50887.79,10177.56,61065.35,GBP,Paid,Bank Transfer,Invoice,2023/2024,-1
TXN-000005,INV-20241000005,2024-10-01,2024-10-31,2024-10-30,SUP-1003,Siemens Financial Services Ltd,Equipment Finance,Policy,POL001,6100,Capital,Equipment Purchase,-3236.04,-647.21,-3883.25,GBP,Paid,Cheque,Credit Note,2024/2025,-1
TXN-000006,INV-20230500006,2023-05-17,2023-06-16,,SUP-1013,Cinos Ltd,Telecoms,Policy,POL001,6100,Supplies And Services,Telecommunications,59116.99,11823.40,70940.39,GBP,Overdue,,Invoice,2023/2024,
TXN-000007,INV-20240400007,2024-04-24,2024-05-24,2024-05-14,SUP-1015,Vodafone Ltd,Telecoms,Legal,LEG001,6120,Supplies And Services,Telecommunications,9968.58,1993.72,11962.30,GBP,Paid,Cheque,Invoice,2024/2025,-10
TXN-000008,INV-20250300008,2025-03-19,2025-04-18,2025-04-08,SUP-1014,P & M Sinclair Ltd,Construction,Research,RES001,6200,Capital,Renovation Works,32164.86,6432.97,38597.83,GBP,Paid,BACS,Invoice,2024/2025,-10
TXN-000009,INV-20240100009,2024-01-02,2024-01-16,2024-01-06,SUP-1011,Decco Limited,Waste Management,Operations,OPS001,4500,Supplies And Services,Waste Processing,50610.40,10122.08,60732.48,GBP,Paid,BACS,Invoice,2023/2024,-10
TXN-000010,INV-20240200010,2024-02-18,2024-04-18,2024-04-17,SUP-1015,Vodafone Ltd,Telecoms,Legal,LEG001,6120,Supplies And Services,Telecommunications,54809.88,10961.98,65771.86,GBP,Paid,Cheque,Invoice,2023/2024,-1
TXN-000011,INV-20240500011,2024-05-10,2024-07-09,2024-07-05,SUP-1014,P & M Sinclair Ltd,Construction,Research,RES001,6200,Capital,Renovation Works,14985.99,2997.20,17983.19,GBP,Paid,Bank Transfer,Invoice,2024/2025,-4
TXN-000012,INV-20240400012,2024-04-05,2024-05-05,2024-04-27,SUP-1028,Knowledge Train Ltd,Training,Customer Services,CST001,4900,Professional Services,Staff Training,5681.84,0.00,5681.84,GBP,Paid,Bank Transfer,Invoice,2024/2025,-8
TXN-000013,INV-20250200013,2025-02-25,2025-04-26,2025-04-25,SUP-1010,Vital Energi Utilities Ltd,Energy & Utilities,Research,RES001,6200,Capital,Energy Works,23051.75,4610.35,27662.10,GBP,Paid,Purchase Card,Invoice,2024/2025,-1
TXN-000014,INV-20230400014,2023-04-12,2023-05-12,,SUP-1034,RP Slight & Sons Ltd,Construction,Facilities,FAC001,4400,Capital,Joinery Works,-3900.84,-780.17,-4681.01,GBP,Pending,,Credit Note,2023/2024,
TXN-000015,INV-20240600015,2024-06-19,2024-07-19,2024-07-19,SUP-1022,Operational Research Society,Research,Public Health,PH001,4210,Professional Services,Conference Fees,58320.31,0.00,58320.31,GBP,Paid,Bank Transfer,Invoice,2024/2025,0
TXN-000016,INV-20230900016,2023-09-04,2023-10-04,,SUP-1020,Tillicoultry Quarries Ltd,Materials,Legal,LEG001,6120,Supplies And Services,Aggregate Materials,32477.90,6495.58,38973.48,GBP,Overdue,,Invoice,2023/2024,
TXN-000017,INV-20241200017,2024-12-04,2025-01-03,2025-01-03,SUP-1034,RP Slight & Sons Ltd,Construction,Customer Services,CST001,4900,Capital,Building Works,55763.64,11152.73,66916.37,GBP,Paid,Bank Transfer,Invoice,2024/2025,0
TXN-000018,INV-20241100018,2024-11-01,2024-12-01,2024-11-24,SUP-1016,LSE Enterprise Ltd,Education & Research,ICT Operations,ICT001,4200,Professional Services,Research Services,58684.57,0.00,58684.57,GBP,Paid,BACS,Invoice,2024/2025,-7
TXN-000019,INV-20231200019,2023-12-28,2024-01-11,,SUP-1031,Kin and Carta UK Ltd,Digital Services,Marketing,MKT001,4700,Professional Services,Digital Transformation,-1256.04,-0.00,-1256.04,GBP,Overdue,,Credit Note,2023/2024,
TXN-000020,INV-20240600020,2024-06-22,2024-07-06,2024-07-05,SUP-1020,Tillicoultry Quarries Ltd,Materials,Waste Management,WM001,4600,Supplies And Services,Aggregate Materials,13675.67,2735.13,16410.80,GBP,Paid,Cheque,Invoice,2024/2025,-1
TXN-000021,INV-20241100021,2024-11-23,2024-12-23,2024-12-22,SUP-1002,Phoenix Partnership Leeds Ltd,Healthcare IT,Human Resources,HR001,4800,Supplies And Services,IT Software,13929.27,2785.85,16715.12,GBP,Paid,BACS,Invoice,2024/2025,-1
TXN-000022,INV-20240100022,2024-01-11,2024-03-11,2024-03-03,SUP-1022,Operational Research Society,Research,Public Health,PH001,4210,Professional Services,Membership Fees,43470.32,8694.06,52164.38,GBP,Paid,BACS,Invoice,2023/2024,-8
TXN-000023,INV-20231000023,2023-10-12,2023-11-11,2023-11-01,SUP-1031,Kin and Carta UK Ltd,Digital Services,Planning,PLN001,6110,Professional Services,Digital Transformation,21419.28,4283.86,25703.14,GBP,Paid,Purchase Card,Invoice,2023/2024,-10
TXN-000024,INV-20250100024,2025-01-21,2025-02-20,2025-02-14,SUP-1004,Jamieson Joiners & Builders Ltd,Construction,Research,RES001,6200,Capital,Joinery Works,48085.40,9617.08,57702.48,GBP,Paid,Bank Transfer,Invoice,2024/2025,-6
TXN-000025,INV-20241000025,2024-10-01,2024-11-30,2024-11-24,SUP-1016,LSE Enterprise Ltd,Education & Research,Housing,HSG001,5100,Professional Services,Research Services,16893.07,0.00,16893.07,GBP,Paid,Bank Transfer,Invoice,2024/2025,-6
TXN-000026,INV-20230500026,2023-05-22,2023-06-05,,SUP-1029,Phoenix Software Ltd,IT Software,Planning,PLN001,6110,Supplies And Services,Software Licensing,58147.53,11629.51,69777.04,GBP,Overdue,,Invoice,2023/2024,
TXN-000027,INV-20240800027,2024-08-10,2024-10-09,2024-10-03,SUP-1016,LSE Enterprise Ltd,Education & Research,Finance,FIN001,4300,Professional Services,Training,10087.07,0.00,10087.07,GBP,Paid,Direct Debit,Invoice,2024/2025,-6
TXN-000028,INV-20240100028,2024-01-18,2024-03-18,,SUP-1017,Bray Leino Ltd,Marketing,Customer Services,CST001,4900,Supplies And Services,Print Media,-2561.69,-512.34,-3074.03,GBP,Pending,,Credit Note,2023/2024,
TXN-000029,INV-20230500029,2023-05-30,2023-06-13,,SUP-1013,Cinos Ltd,Telecoms,Facilities,FAC001,4400,Supplies And Services,Telecommunications,-1739.62,-347.92,-2087.54,GBP,Pending,,Credit Note,2023/2024,
TXN-000030,INV-20240800030,2024-08-27,2024-09-10,2024-09-10,SUP-1004,Jamieson Joiners & Builders Ltd,Construction,Human Resources,HR001,4800,Capital,Renovation Works,-1132.67,-226.53,-1359.20,GBP,Paid,Bank Transfer,Credit Note,2024/2025,0
TXN-000031,INV-20241100031,2024-11-04,2024-12-04,2024-11-25,SUP-1016,LSE Enterprise Ltd,Education & Research,Waste Management,WM001,4600,Professional Services,Research Services,37258.05,7451.61,44709.66,GBP,Paid,Cheque,Invoice,2024/2025,-9
TXN-000032,INV-20240200032,2024-02-16,2024-03-17,2024-03-11,SUP-1017,Bray Leino Ltd,Marketing,Housing,HSG001,5100,Supplies And Services,Branding Materials,40383.49,8076.70,48460.19,GBP,Paid,Bank Transfer,Invoice,2023/2024,-6
TXN-000033,INV-20230400033,2023-04-10,2023-06-09,2023-05-31,SUP-1030,Wales Audit Office,Audit & Compliance,Environment,ENV001,5200,Professional Services,External Audit,4627.33,0.00,4627.33,GBP,Paid,Bank Transfer,Invoice,2023/2024,-9
TXN-000034,INV-20230600034,2023-06-10,2023-07-10,2023-07-06,SUP-1009,Firstcall Trade Services Ltd,Trade Supplies,Customer Services,CST001,4900,Supplies And Services,Trade Supplies,26431.53,5286.31,31717.84,GBP,Paid,Bank Transfer,Invoice,2023/2024,-4
TXN-000035,INV-20241000035,2024-10-19,2024-11-18,,SUP-1034,RP Slight & Sons Ltd,Construction,ICT Operations,ICT001,4200,Capital,Joinery Works,56351.07,11270.21,67621.28,GBP,Pending,,Invoice,2024/2025,
TXN-000036,INV-20230700036,2023-07-19,2023-08-02,2023-07-29,SUP-1009,Firstcall Trade Services Ltd,Trade Supplies,Facilities,FAC001,4400,Supplies And Services,Trade Supplies,36388.58,7277.72,43666.30,GBP,Paid,Cheque,Invoice,2023/2024,-4
TXN-000037,INV-20231200037,2023-12-27,2024-01-10,2024-01-06,SUP-1014,P & M Sinclair Ltd,Construction,Research,RES001,6200,Capital,Joinery Works,5764.83,1152.97,6917.80,GBP,Paid,Direct Debit,Invoice,2023/2024,-4
TXN-000038,INV-20240300038,2024-03-07,2024-04-06,,SUP-1018,Allied Publicity Services Ltd,Marketing,ICT Operations,ICT001,4200,Professional Services,Marketing Campaigns,9904.52,1980.90,11885.42,GBP,Pending,,Invoice,2023/2024,
TXN-000039,INV-20230700039,2023-07-24,2023-08-23,,SUP-1028,Knowledge Train Ltd,Training,Marketing,MKT001,4700,Professional Services,Staff Training,32849.02,6569.80,39418.82,GBP,Pending,,Invoice,2023/2024,
TXN-000040,INV-20230500040,2023-05-13,2023-06-12,2023-06-12,SUP-1010,Vital Energi Utilities Ltd,Energy & Utilities,Waste Management,WM001,4600,Capital,Energy Works,12802.07,2560.41,15362.48,GBP,Paid,BACS,Invoice,2023/2024,0
TXN-000041,INV-20240500041,2024-05-21,2024-06-04,,SUP-1007,KPMG LLP,Professional Services,Environment,ENV001,5200,Professional Services,Consultancy,55564.39,0.00,55564.39,GBP,Pending,,Invoice,2024/2025,
TXN-000042,INV-20240500042,2024-05-27,2024-06-26,2024-06-21,SUP-1011,Decco Limited,Waste Management,Planning,PLN001,6110,Supplies And Services,Waste Collection,48183.55,9636.71,57820.26,GBP,Paid,BACS,Invoice,2024/2025,-5
TXN-000043,INV-20230700043,2023-07-20,2023-09-18,,SUP-1018,Allied Publicity Services Ltd,Marketing,Finance,FIN001,4300,Supplies And Services,Branding Materials,51550.95,10310.19,61861.14,GBP,Overdue,,Invoice,2023/2024,
TXN-000044,INV-20240300044,2024-03-24,2024-04-23,,SUP-1015,Vodafone Ltd,Telecoms,Housing,HSG001,5100,Supplies And Services,Mobile Services,13569.68,2713.94,16283.62,GBP,Overdue,,Invoice,2023/2024,
TXN-000045,INV-20240100045,2024-01-11,2024-02-10,,SUP-1013,Cinos Ltd,Telecoms,Waste Management,WM001,4600,Supplies And Services,Mobile Services,21230.98,4246.20,25477.18,GBP,Overdue,,Invoice,2023/2024,
TXN-000046,INV-20230400046,2023-04-29,2023-05-29,2023-05-27,SUP-1033,P1 Solutions Ltd,Facilities,Waste Management,WM001,4600,Supplies And Services,Facilities Management,-1510.97,-302.19,-1813.16,GBP,Paid,Bank Transfer,Credit Note,2023/2024,-2
TXN-000047,INV-20240600047,2024-06-20,2024-07-04,2024-07-03,SUP-1028,Knowledge Train Ltd,Training,Environment,ENV001,5200,Professional Services,Staff Training,53995.41,0.00,53995.41,GBP,Paid,Bank Transfer,Invoice,2024/2025,-1
TXN-000048,INV-20230400048,2023-04-02,2023-04-16,,SUP-1003,Siemens Financial Services Ltd,Equipment Finance,Policy,POL001,6100,Capital,Equipment Purchase,-4716.25,-943.25,-5659.50,GBP,Overdue,,Credit Note,2023/2024,
TXN-000049,INV-20230600049,2023-06-11,2023-07-11,2023-07-06,SUP-1013,Cinos Ltd,Telecoms,Environment,ENV001,5200,Supplies And Services,Mobile Services,43255.32,8651.06,51906.38,GBP,Paid,Bank Transfer,Invoice,2023/2024,-5
TXN-000050,INV-20240200050,2024-02-29,2024-04-29,,SUP-1033,P1 Solutions Ltd,Facilities,Facilities,FAC001,4400,Supplies And Services,Facilities Management,33376.15,6675.23,40051.38,GBP,Pending,,Invoice,2023/2024,
TXN-000051,INV-20250200051,2025-02-22,2025-03-24,2025-03-15,SUP-1013,Cinos Ltd,Telecoms,Waste Management,WM001,4600,Supplies And Services,Mobile Services,24512.99,4902.60,29415.59,GBP,Paid,BACS,Invoice,2024/2025,-9
TXN-000052,INV-20240600052,2024-06-14,2024-06-28,2024-06-18,SUP-1020,Tillicoultry Quarries Ltd,Materials,Facilities,FAC001,4400,Supplies And Services,Aggregate Materials,28033.04,5606.61,33639.65,GBP,Paid,Purchase Card,Invoice,2024/2025,-10
TXN-000053,INV-20230900053,2023-09-21,2023-10-21,2023-10-13,SUP-1014,P & M Sinclair Ltd,Construction,Marketing,MKT001,4700,Capital,Renovation Works,-4137.51,-827.50,-4965.01,GBP,Paid,BACS,Credit Note,2023/2024,-8
TXN-000054,INV-20230800054,2023-08-29,2023-09-28,2023-09-25,SUP-1020,Tillicoultry Quarries Ltd,Materials,Housing,HSG001,5100,Supplies And Services,Aggregate Materials,36773.62,7354.72,44128.34,GBP,Paid,Bank Transfer,Invoice,2023/2024,-3
TXN-000055,INV-20250300055,2025-03-14,2025-05-13,2025-05-07,SUP-1030,Wales Audit Office,Audit & Compliance,Waste Management,WM001,4600,Professional Services,External Audit,9067.39,0.00,9067.39,GBP,Paid,Bank Transfer,Invoice,2024/2025,-6
TXN-000056,INV-20250300056,2025-03-13,2025-03-27,2025-03-27,SUP-1028,Knowledge Train Ltd,Training,Housing,HSG001,5100,Professional Services,Staff Training,-4279.60,-855.92,-5135.52,GBP,Paid,BACS,Credit Note,2024/2025,0
TXN-000057,INV-20240600057,2024-06-27,2024-07-11,,SUP-1030,Wales Audit Office,Audit & Compliance,Research,RES001,6200,Professional Services,External Audit,-4557.56,-911.51,-5469.07,GBP,Overdue,,Credit Note,2024/2025,
TXN-000058,INV-20240700058,2024-07-04,2024-08-03,,SUP-1011,Decco Limited,Waste Management,Policy,POL001,6100,Supplies And Services,Waste Processing,50431.81,10086.36,60518.17,GBP,Overdue,,Invoice,2024/2025,
TXN-000059,INV-20240800059,2024-08-09,2024-09-08,2024-09-01,SUP-1018,Allied Publicity Services Ltd,Marketing,Planning,PLN001,6110,Supplies And Services,Branding Materials,42884.31,8576.86,51461.17,GBP,Paid,BACS,Invoice,2024/2025,-7
TXN-000060,INV-20241000060,2024-10-05,2024-11-04,2024-11-02,SUP-1018,Allied Publicity Services Ltd,Marketing,Environment,ENV001,5200,Supplies And Services,Print Media,23136.36,4627.27,27763.63,GBP,Paid,BACS,Invoice,2024/2025,-2
TXN-000061,INV-20240500061,2024-05-22,2024-06-21,2024-06-14,SUP-1014,P & M Sinclair Ltd,Construction,Public Health,PH001,4210,Capital,Renovation Works,3970.38,794.08,4764.46,GBP,Paid,Direct Debit,Invoice,2024/2025,-7
TXN-000062,INV-20241100062,2024-11-10,2025-01-09,2025-01-09,SUP-1025,Franks Portlock Consulting Ltd,Consultancy,Customer Services,CST001,4900,Professional Services,Planning Consultancy,18092.11,3618.42,21710.53,GBP,Paid,Direct Debit,Invoice,2024/2025,0
TXN-000063,INV-20240800063,2024-08-12,2024-09-11,2024-09-05,SUP-1035,Dalkeith SPV Ltd,Capital Projects,Policy,POL001,6100,Capital,Major Works,1984.23,396.85,2381.08,GBP,Paid,Cheque,Invoice,2024/2025,-6
TXN-000064,INV-20240700064,2024-07-22,2024-08-21,2024-08-13,SUP-1026,CMS Enviro Systems Ltd,Environmental,Policy,POL001,6100,Supplies And Services,Environmental Services,54439.00,10887.80,65326.80,GBP,Paid,BACS,Invoice,2024/2025,-8
TXN-000065,INV-20230800065,2023-08-17,2023-10-16,2023-10-16,SUP-1006,Edmundson Electrical Ltd,Electrical Supplies,Research,RES001,6200,Supplies And Services,Electrical Materials,22901.46,4580.29,27481.75,GBP,Paid,BACS,Invoice,2023/2024,0
TXN-000066,INV-20240400066,2024-04-23,2024-05-23,,SUP-1030,Wales Audit Office,Audit & Compliance,Environment,ENV001,5200,Professional Services,External Audit,15323.22,0.00,15323.22,GBP,Overdue,,Invoice,2024/2025,
TXN-000067,INV-20240300067,2024-03-24,2024-04-23,,SUP-1031,Kin and Carta UK Ltd,Digital Services,ICT Operations,ICT001,4200,Professional Services,Digital Transformation,46928.67,0.00,46928.67,GBP,Pending,,Invoice,2023/2024,
TXN-000068,INV-20230400068,2023-04-21,2023-05-05,2023-05-02,SUP-1002,Phoenix Partnership Leeds Ltd,Healthcare IT,Housing,HSG001,5100,Supplies And Services,IT Software,28545.27,5709.05,34254.32,GBP,Paid,Bank Transfer,Invoice,2023/2024,-3
TXN-000069,INV-20231200069,2023-12-19,2024-01-18,2024-01-09,SUP-1014,P & M Sinclair Ltd,Construction,Operations,OPS001,4500,Capital,Joinery Works,-3662.20,-732.44,-4394.64,GBP,Paid,BACS,Credit Note,2023/2024,-9
TXN-000070,INV-20240200070,2024-02-14,2024-02-28,,SUP-1020,Tillicoultry Quarries Ltd,Materials,Public Health,PH001,4210,Supplies And Services,Aggregate Materials,23950.10,4790.02,28740.12,GBP,Pending,,Invoice,2023/2024,
TXN-000071,INV-20230700071,2023-07-14,2023-08-13,,SUP-1013,Cinos Ltd,Telecoms,Public Health,PH001,4210,Supplies And Services,Telecommunications,-4032.08,-806.42,-4838.50,GBP,Overdue,,Credit Note,2023/2024,
TXN-000072,INV-20250200072,2025-02-06,2025-03-08,2025-02-28,SUP-1003,Siemens Financial Services Ltd,Equipment Finance,Environment,ENV001,5200,Capital,Equipment Purchase,1005.97,201.19,1207.16,GBP,Paid,Direct Debit,Invoice,2024/2025,-8
TXN-000073,INV-20240400073,2024-04-05,2024-06-04,,SUP-1032,Core Technology Systems UK Ltd,IT Infrastructure,Public Health,PH001,4210,Supplies And Services,Infrastructure Support,26270.36,5254.07,31524.43,GBP,Pending,,Invoice,2024/2025,
TXN-000074,INV-20241200074,2024-12-21,2025-01-04,,SUP-1034,RP Slight & Sons Ltd,Construction,Research,RES001,6200,Capital,Renovation Works,28026.21,5605.24,33631.45,GBP,Overdue,,Invoice,2024/2025,
TXN-000075,INV-20230600075,2023-06-28,2023-07-28,2023-07-25,SUP-1018,Allied Publicity Services Ltd,Marketing,Environment,ENV001,5200,Professional Services,Marketing Campaigns,34298.52,6859.70,41158.22,GBP,Paid,Cheque,Invoice,2023/2024,-3
TXN-000076,INV-20231000076,2023-10-04,2023-12-03,2023-11-28,SUP-1002,Phoenix Partnership Leeds Ltd,Healthcare IT,Operations,OPS001,4500,Professional Services,System Integration,20585.25,4117.05,24702.30,GBP,Paid,BACS,Invoice,2023/2024,-5
TXN-000077,INV-20231200077,2023-12-04,2024-02-02,2024-01-25,SUP-1034,RP Slight & Sons Ltd,Construction,Housing,HSG001,5100,Capital,Building Works,41513.91,8302.78,49816.69,GBP,Paid,Purchase Card,Invoice,2023/2024,-8
TXN-000078,INV-20230700078,2023-07-05,2023-08-04,2023-07-29,SUP-1029,Phoenix Software Ltd,IT Software,Planning,PLN001,6110,Supplies And Services,Software Licensing,18545.81,3709.16,22254.97,GBP,Paid,Cheque,Invoice,2023/2024,-6
TXN-000079,INV-20240600079,2024-06-09,2024-06-23,2024-06-18,SUP-1031,Kin and Carta UK Ltd,Digital Services,Marketing,MKT001,4700,Professional Services,Digital Transformation,16437.26,3287.45,19724.71,GBP,Paid,BACS,Invoice,2024/2025,-5
TXN-000080,INV-20240200080,2024-02-18,2024-03-19,,SUP-1008,SAV United Kingdom Ltd,IT Hardware,Policy,POL001,6100,Supplies And Services,IT Hardware,-3528.28,-705.66,-4233.94,GBP,Pending,,Credit Note,2023/2024,
TXN-000081,INV-20240100081,2024-01-09,2024-01-23,,SUP-1013,Cinos Ltd,Telecoms,Housing,HSG001,5100,Supplies And Services,Mobile Services,-4907.43,-981.49,-5888.92,GBP,Overdue,,Credit Note,2023/2024,
TXN-000082,INV-20240400082,2024-04-04,2024-05-04,2024-05-04,SUP-1013,Cinos Ltd,Telecoms,Facilities,FAC001,4400,Supplies And Services,Telecommunications,-466.20,-93.24,-559.44,GBP,Paid,BACS,Credit Note,2024/2025,0
TXN-000083,INV-20250100083,2025-01-13,2025-03-14,2025-03-14,SUP-1019,Simon Tullett Machinery Ltd,Machinery,Policy,POL001,6100,Supplies And Services,Machinery Parts,-2523.89,-504.78,-3028.67,GBP,Paid,Cheque,Credit Note,2024/2025,0
TXN-000084,INV-20240800084,2024-08-02,2024-09-01,,SUP-1012,Sovereign Group Ltd,Construction,ICT Operations,ICT001,4200,Capital,Renovation Works,24192.27,4838.45,29030.72,GBP,Overdue,,Invoice,2024/2025,
TXN-000085,INV-20250300085,2025-03-03,2025-04-02,2025-03-31,SUP-1005,Johnston Builders & Roofing Ltd,Construction,Human Resources,HR001,4800,Capital,Joinery Works,-654.61,-130.92,-785.53,GBP,Paid,BACS,Credit Note,2024/2025,-2
TXN-000086,INV-20241200086,2024-12-11,2024-12-25,,SUP-1008,SAV United Kingdom Ltd,IT Hardware,Marketing,MKT001,4700,Supplies And Services,Network Equipment,-2732.22,-546.44,-3278.66,GBP,Overdue,,Credit Note,2024/2025,
TXN-000087,INV-20240100087,2024-01-30,2024-02-13,2024-02-09,SUP-1029,Phoenix Software Ltd,IT Software,Customer Services,CST001,4900,Supplies And Services,Software Licensing,-3145.75,-629.15,-3774.90,GBP,Paid,Bank Transfer,Credit Note,2023/2024,-4
TXN-000088,INV-20231200088,2023-12-27,2024-01-26,2024-01-23,SUP-1014,P & M Sinclair Ltd,Construction,Research,RES001,6200,Capital,Building Works,33231.54,6646.31,39877.85,GBP,Paid,BACS,Invoice,2023/2024,-3
TXN-000089,INV-20250300089,2025-03-06,2025-03-20,2025-03-16,SUP-1001,Tech Source IT Solutions Ltd,IT & Technology,Waste Management,WM001,4600,Supplies And Services,IT Software,14080.71,2816.14,16896.85,GBP,Paid,Bank Transfer,Invoice,2024/2025,-4
TXN-000090,INV-20231200090,2023-12-27,2024-01-10,,SUP-1030,Wales Audit Office,Audit & Compliance,Public Health,PH001,4210,Professional Services,External Audit,25652.05,0.00,25652.05,GBP,Pending,,Invoice,2023/2024,
TXN-000091,INV-20230800091,2023-08-24,2023-09-23,2023-09-21,SUP-1010,Vital Energi Utilities Ltd,Energy & Utilities,Customer Services,CST001,4900,Supplies And Services,Utilities,35803.88,7160.78,42964.66,GBP,Paid,Bank Transfer,Invoice,2023/2024,-2
TXN-000092,INV-20250300092,2025-03-06,2025-04-05,,SUP-1029,Phoenix Software Ltd,IT Software,Public Health,PH001,4210,Supplies And Services,Software Licensing,56574.91,11314.98,67889.89,GBP,Pending,,Invoice,2024/2025,
TXN-000093,INV-20240600093,2024-06-22,2024-07-22,2024-07-22,SUP-1033,P1 Solutions Ltd,Facilities,Marketing,MKT001,4700,Supplies And Services,Facilities Management,44138.40,8827.68,52966.08,GBP,Paid,Bank Transfer,Invoice,2024/2025,0
TXN-000094,INV-20250200094,2025-02-19,2025-03-05,2025-03-05,SUP-1002,Phoenix Partnership Leeds Ltd,Healthcare IT,Public Health,PH001,4210,Supplies And Services,IT Software,34680.76,6936.15,41616.91,GBP,Paid,BACS,Invoice,2024/2025,0
TXN-000095,INV-20240100095,2024-01-10,2024-02-09,2024-02-03,SUP-1031,Kin and Carta UK Ltd,Digital Services,Marketing,MKT001,4700,Professional Services,Digital Transformation,58151.05,11630.21,69781.26,GBP,Paid,Cheque,Invoice,2023/2024,-6
TXN-000096,INV-20250200096,2025-02-15,2025-03-17,,SUP-1027,Kyocera Document Solutions UK Ltd,Office Equipment,Environment,ENV001,5200,Supplies And Services,Printing Equipment,19955.77,3991.15,23946.92,GBP,Overdue,,Invoice,2024/2025,
TXN-000097,INV-20241000097,2024-10-15,2024-11-14,2024-11-13,SUP-1032,Core Technology Systems UK Ltd,IT Infrastructure,Facilities,FAC001,4400,Supplies And Services,Infrastructure Support,15330.83,3066.17,18397.00,GBP,Paid,Bank Transfer,Invoice,2024/2025,-1
TXN-000098,INV-20250200098,2025-02-02,2025-02-16,2025-02-10,SUP-1026,CMS Enviro Systems Ltd,Environmental,Legal,LEG001,6120,Supplies And Services,Environmental Services,11458.06,2291.61,13749.67,GBP,Paid,Cheque,Invoice,2024/2025,-6
TXN-000099,INV-20230500099,2023-05-23,2023-06-22,2023-06-14,SUP-1032,Core Technology Systems UK Ltd,IT Infrastructure,Research,RES001,6200,Supplies And Services,Infrastructure Support,55678.45,11135.69,66814.14,GBP,Paid,Purchase Card,Invoice,2023/2024,-8
TXN-000100,INV-20250100100,2025-01-05,2025-01-19,,SUP-1032,Core Technology Systems UK Ltd,IT Infrastructure,Public Health,PH001,4210,Supplies And Services,Infrastructure Support,42659.52,8531.90,51191.42,GBP,Overdue,,Invoice,2024/2025,
TXN-000101,INV-20241000101,2024-10-17,2024-12-16,2024-12-13,SUP-1020,Tillicoultry Quarries Ltd,Materials,Marketing,MKT001,4700,Supplies And Services,Aggregate Materials,27821.51,5564.30,33385.81,GBP,Paid,Bank Transfer,Invoice,2024/2025,-3
TXN-000102,INV-20240900102,2024-09-03,2024-10-03,2024-09-26,SUP-1010,Vital Energi Utilities Ltd,Energy & Utilities,Operations,OPS001,4500,Supplies And Services,Utilities,14812.92,2962.58,17775.50,GBP,Paid,BACS,Invoice,2024/2025,-7
TXN-000103,INV-20230600103,2023-06-11,2023-07-11,,SUP-1025,Franks Portlock Consulting Ltd,Consultancy,Housing,HSG001,5100,Professional Services,Planning Consultancy,20557.55,4111.51,24669.06,GBP,Overdue,,Invoice,2023/2024,
TXN-000104,INV-20240100104,2024-01-31,2024-02-14,2024-02-04,SUP-1001,Tech Source IT Solutions Ltd,IT & Technology,Facilities,FAC001,4400,Supplies And Services,IT Support,51949.32,10389.86,62339.18,GBP,Paid,Purchase Card,Invoice,2023/2024,-10
TXN-000105,INV-20240300105,2024-03-06,2024-03-20,,SUP-1035,Dalkeith SPV Ltd,Capital Projects,Operations,OPS001,4500,Capital,Major Works,-4681.05,-936.21,-5617.26,GBP,Overdue,,Credit Note,2023/2024,
TXN-000106,INV-20241100106,2024-11-06,2025-01-05,2024-12-30,SUP-1013,Cinos Ltd,Telecoms,Policy,POL001,6100,Supplies And Services,Telecommunications,19261.04,3852.21,23113.25,GBP,Paid,Purchase Card,Invoice,2024/2025,-6
TXN-000107,INV-20240800107,2024-08-20,2024-09-19,2024-09-11,SUP-1025,Franks Portlock Consulting Ltd,Consultancy,Waste Management,WM001,4600,Professional Services,Planning Consultancy,-726.73,-145.35,-872.08,GBP,Paid,Bank Transfer,Credit Note,2024/2025,-8
TXN-000108,INV-20230400108,2023-04-16,2023-05-16,2023-05-06,SUP-1034,RP Slight & Sons Ltd,Construction,Customer Services,CST001,4900,Capital,Renovation Works,4720.99,944.20,5665.19,GBP,Paid,Bank Transfer,Invoice,2023/2024,-10
TXN-000109,INV-20250100109,2025-01-25,2025-02-24,,SUP-1022,Operational Research Society,Research,Human Resources,HR001,4800,Professional Services,Conference Fees,51177.39,10235.48,61412.87,GBP,Overdue,,Invoice,2024/2025,
TXN-000110,INV-20241000110,2024-10-06,2024-11-05,2024-11-04,SUP-1021,Posturite Ltd,Office Supplies,Research,RES001,6200,Supplies And Services,Ergonomic Equipment,37961.87,7592.37,45554.24,GBP,Paid,Bank Transfer,Invoice,2024/2025,-1
TXN-000111,INV-20240600111,2024-06-18,2024-07-18,,SUP-1015,Vodafone Ltd,Telecoms,Policy,POL001,6100,Supplies And Services,Telecommunications,26759.79,5351.96,32111.75,GBP,Overdue,,Invoice,2024/2025,
TXN-000112,INV-20230500112,2023-05-18,2023-06-17,,SUP-1020,Tillicoultry Quarries Ltd,Materials,Customer Services,CST001,4900,Supplies And Services,Aggregate Materials,17778.72,3555.74,21334.46,GBP,Overdue,,Invoice,2023/2024,
TXN-000113,INV-20231200113,2023-12-07,2023-12-21,2023-12-12,SUP-1024,Institute for Government,Consultancy,Waste Management,WM001,4600,Professional Services,Planning Consultancy,10406.52,0.00,10406.52,GBP,Paid,Direct Debit,Invoice,2023/2024,-9
TXN-000114,INV-20231100114,2023-11-24,2024-01-23,,SUP-1016,LSE Enterprise Ltd,Education & Research,Operations,OPS001,4500,Professional Services,Research Services,27709.34,0.00,27709.34,GBP,Pending,,Invoice,2023/2024,
TXN-000115,INV-20250200115,2025-02-22,2025-03-08,2025-03-07,SUP-1030,Wales Audit Office,Audit & Compliance,Customer Services,CST001,4900,Professional Services,External Audit,56727.83,11345.57,68073.40,GBP,Paid,Direct Debit,Invoice,2024/2025,-1
TXN-000116,INV-20231000116,2023-10-21,2023-12-20,,SUP-1017,Bray Leino Ltd,Marketing,Operations,OPS001,4500,Supplies And Services,Print Media,6622.53,1324.51,7947.04,GBP,Overdue,,Invoice,2023/2024,
TXN-000117,INV-20241100117,2024-11-09,2024-12-09,,SUP-1025,Franks Portlock Consulting Ltd,Consultancy,Human Resources,HR001,4800,Professional Services,Environmental Assessment,1560.89,312.18,1873.07,GBP,Pending,,Invoice,2024/2025,
TXN-000118,INV-20250300118,2025-03-03,2025-04-02,2025-03-26,SUP-1018,Allied Publicity Services Ltd,Marketing,ICT Operations,ICT001,4200,Supplies And Services,Branding Materials,46600.52,9320.10,55920.62,GBP,Paid,BACS,Invoice,2024/2025,-7
TXN-000119,INV-20241200119,2024-12-26,2025-01-25,,SUP-1023,Thames Lido Ltd,Facilities,Housing,HSG001,5100,Supplies And Services,Facilities Management,37787.82,7557.56,45345.38,GBP,Pending,,Invoice,2024/2025,
TXN-000120,INV-20230500120,2023-05-05,2023-05-19,2023-05-17,SUP-1003,Siemens Financial Services Ltd,Equipment Finance,Facilities,FAC001,4400,Capital,Equipment Purchase,54600.26,10920.05,65520.31,GBP,Paid,Cheque,Invoice,2023/2024,-2
TXN-000121,INV-20230800121,2023-08-14,2023-08-28,2023-08-20,SUP-1027,Kyocera Document Solutions UK Ltd,Office Equipment,Finance,FIN001,4300,Supplies And Services,Printing Equipment,-4194.74,-838.95,-5033.69,GBP,Paid,Bank Transfer,Credit Note,2023/2024,-8
TXN-000122,INV-20240300122,2024-03-12,2024-04-11,2024-04-10,SUP-1031,Kin and Carta UK Ltd,Digital Services,Planning,PLN001,6110,Professional Services,Digital Transformation,45310.55,0.00,45310.55,GBP,Paid,Direct Debit,Invoice,2023/2024,-1
TXN-000123,INV-20230400123,2023-04-15,2023-05-15,2023-05-14,SUP-1024,Institute for Government,Consultancy,Public Health,PH001,4210,Professional Services,Environmental Assessment,22272.99,4454.60,26727.59,GBP,Paid,Direct Debit,Invoice,2023/2024,-1
TXN-000124,INV-20240700124,2024-07-26,2024-08-25,2024-08-17,SUP-1024,Institute for Government,Consultancy,Public Health,PH001,4210,Professional Services,Planning Consultancy,54936.54,0.00,54936.54,GBP,Paid,Bank Transfer,Invoice,2024/2025,-8
TXN-000125,INV-20250100125,2025-01-24,2025-03-25,2025-03-23,SUP-1030,Wales Audit Office,Audit & Compliance,Customer Services,CST001,4900,Professional Services,External Audit,56789.13,11357.83,68146.96,GBP,Paid,Purchase Card,Invoice,2024/2025,-2
TXN-000126,INV-20241000126,2024-10-02,2024-11-01,2024-10-25,SUP-1008,SAV United Kingdom Ltd,IT Hardware,Public Health,PH001,4210,Supplies And Services,IT Hardware,40311.55,8062.31,48373.86,GBP,Paid,Direct Debit,Invoice,2024/2025,-7
TXN-000127,INV-20250100127,2025-01-30,2025-03-01,,SUP-1010,Vital Energi Utilities Ltd,Energy & Utilities,Customer Services,CST001,4900,Supplies And Services,Utilities,37035.22,7407.04,44442.26,GBP,Overdue,,Invoice,2024/2025,
TXN-000128,INV-20240400128,2024-04-14,2024-05-14,2024-05-07,SUP-1018,Allied Publicity Services Ltd,Marketing,ICT Operations,ICT001,4200,Supplies And Services,Branding Materials,51363.15,10272.63,61635.78,GBP,Paid,Bank Transfer,Invoice,2024/2025,-7
TXN-000129,INV-20230600129,2023-06-02,2023-08-01,2023-07-29,SUP-1024,Institute for Government,Consultancy,Marketing,MKT001,4700,Professional Services,Environmental Assessment,56953.39,11390.68,68344.07,GBP,Paid,Bank Transfer,Invoice,2023/2024,-3
TXN-000130,INV-20241200130,2024-12-02,2025-01-01,2024-12-27,SUP-1014,P & M Sinclair Ltd,Construction,Research,RES001,6200,Capital,Joinery Works,59332.05,11866.41,71198.46,GBP,Paid,BACS,Invoice,2024/2025,-5
TXN-000131,INV-20231000131,2023-10-30,2023-11-13,2023-11-10,SUP-1005,Johnston Builders & Roofing Ltd,Construction,Legal,LEG001,6120,Capital,Joinery Works,46518.52,9303.70,55822.22,GBP,Paid,BACS,Invoice,2023/2024,-3
TXN-000132,INV-20230800132,2023-08-12,2023-08-26,2023-08-24,SUP-1018,Allied Publicity Services Ltd,Marketing,Legal,LEG001,6120,Professional Services,Marketing Campaigns,39748.19,0.00,39748.19,GBP,Paid,BACS,Invoice,2023/2024,-2
TXN-000133,INV-20241100133,2024-11-23,2024-12-23,2024-12-21,SUP-1001,Tech Source IT Solutions Ltd,IT & Technology,Environment,ENV001,5200,Supplies And Services,IT Hardware,3380.84,676.17,4057.01,GBP,Paid,Direct Debit,Invoice,2024/2025,-2
TXN-000134,INV-20230600134,2023-06-05,2023-08-04,2023-07-30,SUP-1034,RP Slight & Sons Ltd,Construction,Public Health,PH001,4210,Capital,Joinery Works,-2397.03,-479.41,-2876.44,GBP,Paid,BACS,Credit Note,2023/2024,-5
TXN-000135,INV-20240700135,2024-07-13,2024-08-12,2024-08-05,SUP-1003,Siemens Financial Services Ltd,Equipment Finance,Policy,POL001,6100,Capital,Equipment Purchase,25719.85,5143.97,30863.82,GBP,Paid,Bank Transfer,Invoice,2024/2025,-7
TXN-000136,INV-20230600136,2023-06-15,2023-07-15,2023-07-06,SUP-1032,Core Technology Systems UK Ltd,IT Infrastructure,Policy,POL001,6100,Supplies And Services,Infrastructure Support,4174.51,834.90,5009.41,GBP,Paid,Bank Transfer,Invoice,2023/2024,-9
TXN-000137,INV-20240700137,2024-07-08,2024-07-22,2024-07-16,SUP-1021,Posturite Ltd,Office Supplies,Waste Management,WM001,4600,Supplies And Services,Ergonomic Equipment,47637.49,9527.50,57164.99,GBP,Paid,Bank Transfer,Invoice,2024/2025,-6
TXN-000138,INV-20231100138,2023-11-20,2024-01-19,2024-01-12,SUP-1014,P & M Sinclair Ltd,Construction,Waste Management,WM001,4600,Capital,Renovation Works,25105.38,5021.08,30126.46,GBP,Paid,Bank Transfer,Invoice,2023/2024,-7
TXN-000139,INV-20250200139,2025-02-10,2025-03-12,2025-03-10,SUP-1021,Posturite Ltd,Office Supplies,Waste Management,WM001,4600,Supplies And Services,Ergonomic Equipment,4261.22,852.24,5113.46,GBP,Paid,Bank Transfer,Invoice,2024/2025,-2
TXN-000140,INV-20240400140,2024-04-16,2024-05-16,2024-05-16,SUP-1006,Edmundson Electrical Ltd,Electrical Supplies,Waste Management,WM001,4600,Supplies And Services,Electrical Materials,-2918.00,-583.60,-3501.60,GBP,Paid,Bank Transfer,Credit Note,2024/2025,0
TXN-000141,INV-20230500141,2023-05-23,2023-06-22,2023-06-18,SUP-1027,Kyocera Document Solutions UK Ltd,Office Equipment,Environment,ENV001,5200,Supplies And Services,Printing Equipment,6440.13,1288.03,7728.16,GBP,Paid,BACS,Invoice,2023/2024,-4
TXN-000142,INV-20231100142,2023-11-16,2023-12-16,2023-12-08,SUP-1010,Vital Energi Utilities Ltd,Energy & Utilities,Research,RES001,6200,Supplies And Services,Utilities,7114.40,1422.88,8537.28,GBP,Paid,Bank Transfer,Invoice,2023/2024,-8
TXN-000143,INV-20241000143,2024-10-26,2024-11-09,2024-10-30,SUP-1015,Vodafone Ltd,Telecoms,Planning,PLN001,6110,Supplies And Services,Mobile Services,-4663.15,-932.63,-5595.78,GBP,Paid,Bank Transfer,Credit Note,2024/2025,-10
TXN-000144,INV-20250300144,2025-03-20,2025-04-19,2025-04-14,SUP-1002,Phoenix Partnership Leeds Ltd,Healthcare IT,Finance,FIN001,4300,Professional Services,System Integration,11088.98,0.00,11088.98,GBP,Paid,Direct Debit,Invoice,2024/2025,-5
TXN-000145,INV-20250100145,2025-01-08,2025-02-07,2025-01-30,SUP-1005,Johnston Builders & Roofing Ltd,Construction,Finance,FIN001,4300,Capital,Joinery Works,22727.62,4545.52,27273.14,GBP,Paid,Purchase Card,Invoice,2024/2025,-8
TXN-000146,INV-20240200146,2024-02-14,2024-03-15,,SUP-1022,Operational Research Society,Research,Finance,FIN001,4300,Professional Services,Conference Fees,-4445.88,-0.00,-4445.88,GBP,Overdue,,Credit Note,2023/2024,
TXN-000147,INV-20250200147,2025-02-19,2025-03-21,2025-03-14,SUP-1011,Decco Limited,Waste Management,Planning,PLN001,6110,Supplies And Services,Waste Collection,29268.29,5853.66,35121.95,GBP,Paid,Purchase Card,Invoice,2024/2025,-7
TXN-000148,INV-20240900148,2024-09-06,2024-10-06,2024-09-30,SUP-1027,Kyocera Document Solutions UK Ltd,Office Equipment,Facilities,FAC001,4400,Supplies And Services,Printing Equipment,17173.98,3434.80,20608.78,GBP,Paid,Purchase Card,Invoice,2024/2025,-6
TXN-000149,INV-20230500149,2023-05-17,2023-06-16,2023-06-07,SUP-1034,RP Slight & Sons Ltd,Construction,Research,RES001,6200,Capital,Renovation Works,709.30,141.86,851.16,GBP,Paid,Bank Transfer,Invoice,2023/2024,-9
TXN-000150,INV-20231200150,2023-12-18,2024-01-17,2024-01-16,SUP-1014,P & M Sinclair Ltd,Construction,Planning,PLN001,6110,Capital,Building Works,29968.77,5993.75,35962.52,GBP,Paid,Direct Debit,Invoice,2023/2024,-1
TXN-000151,INV-20240900151,2024-09-27,2024-10-27,2024-10-19,SUP-1012,Sovereign Group Ltd,Construction,Finance,FIN001,4300,Capital,Renovation Works,4556.51,911.30,5467.81,GBP,Paid,BACS,Invoice,2024/2025,-8
TXN-000152,INV-20230600152,2023-06-19,2023-07-19,2023-07-13,SUP-1028,Knowledge Train Ltd,Training,ICT Operations,ICT001,4200,Professional Services,Staff Training,-3290.67,-658.13,-3948.80,GBP,Paid,Bank Transfer,Credit Note,2023/2024,-6
TXN-000153,INV-20230900153,2023-09-23,2023-10-07,2023-10-02,SUP-1026,CMS Enviro Systems Ltd,Environmental,ICT Operations,ICT001,4200,Supplies And Services,Environmental Services,26343.53,5268.71,31612.24,GBP,Paid,Bank Transfer,Invoice,2023/2024,-5
TXN-000154,INV-20240900154,2024-09-18,2024-10-18,2024-10-14,SUP-1016,LSE Enterprise Ltd,Education & Research,Waste Management,WM001,4600,Professional Services,Training,13488.93,0.00,13488.93,GBP,Paid,Bank Transfer,Invoice,2024/2025,-4
TXN-000155,INV-20240900155,2024-09-25,2024-10-09,2024-10-04,SUP-1033,P1 Solutions Ltd,Facilities,Research,RES001,6200,Supplies And Services,Facilities Management,43710.90,8742.18,52453.08,GBP,Paid,BACS,Invoice,2024/2025,-5
TXN-000156,INV-20231200156,2023-12-19,2024-01-18,2024-01-09,SUP-1016,LSE Enterprise Ltd,Education & Research,Public Health,PH001,4210,Professional Services,Research Services,45672.86,0.00,45672.86,GBP,Paid,BACS,Invoice,2023/2024,-9
TXN-000157,INV-20250200157,2025-02-26,2025-03-12,,SUP-1032,Core Technology Systems UK Ltd,IT Infrastructure,Operations,OPS001,4500,Supplies And Services,Infrastructure Support,-4862.12,-972.42,-5834.54,GBP,Pending,,Credit Note,2024/2025,
TXN-000158,INV-20230600158,2023-06-09,2023-08-08,2023-07-29,SUP-1021,Posturite Ltd,Office Supplies,Finance,FIN001,4300,Supplies And Services,Ergonomic Equipment,47830.70,9566.14,57396.84,GBP,Paid,BACS,Invoice,2023/2024,-10
TXN-000159,INV-20240200159,2024-02-12,2024-04-12,2024-04-12,SUP-1023,Thames Lido Ltd,Facilities,Marketing,MKT001,4700,Supplies And Services,Facilities Management,22282.07,4456.41,26738.48,GBP,Paid,Bank Transfer,Invoice,2023/2024,0
TXN-000160,INV-20241200160,2024-12-20,2025-01-03,2024-12-28,SUP-1005,Johnston Builders & Roofing Ltd,Construction,Research,RES001,6200,Capital,Building Works,34924.68,6984.94,41909.62,GBP,Paid,BACS,Invoice,2024/2025,-6
TXN-000161,INV-20240200161,2024-02-24,2024-03-09,2024-03-01,SUP-1029,Phoenix Software Ltd,IT Software,Customer Services,CST001,4900,Supplies And Services,Software Licensing,57473.91,11494.78,68968.69,GBP,Paid,Purchase Card,Invoice,2023/2024,-8
TXN-000162,INV-20230600162,2023-06-26,2023-07-10,,SUP-1007,KPMG LLP,Professional Services,Planning,PLN001,6110,Professional Services,Tax Advisory,2588.74,517.75,3106.49,GBP,Pending,,Invoice,2023/2024,
TXN-000163,INV-20240400163,2024-04-07,2024-05-07,2024-05-01,SUP-1029,Phoenix Software Ltd,IT Software,Marketing,MKT001,4700,Supplies And Services,Software Licensing,46524.27,9304.85,55829.12,GBP,Paid,BACS,Invoice,2024/2025,-6
TXN-000164,INV-20230700164,2023-07-06,2023-07-20,,SUP-1022,Operational Research Society,Research,Public Health,PH001,4210,Professional Services,Conference Fees,17227.78,0.00,17227.78,GBP,Pending,,Invoice,2023/2024,
TXN-000165,INV-20240300165,2024-03-24,2024-04-23,,SUP-1022,Operational Research Society,Research,Public Health,PH001,4210,Professional Services,Membership Fees,7954.86,0.00,7954.86,GBP,Pending,,Invoice,2023/2024,
TXN-000166,INV-20250100166,2025-01-18,2025-02-17,,SUP-1020,Tillicoultry Quarries Ltd,Materials,Marketing,MKT001,4700,Supplies And Services,Aggregate Materials,40289.45,8057.89,48347.34,GBP,Overdue,,Invoice,2024/2025,
TXN-000167,INV-20250200167,2025-02-15,2025-04-16,2025-04-11,SUP-1034,RP Slight & Sons Ltd,Construction,Public Health,PH001,4210,Capital,Joinery Works,21915.21,4383.04,26298.25,GBP,Paid,BACS,Invoice,2024/2025,-5
TXN-000168,INV-20231000168,2023-10-14,2023-11-13,2023-11-11,SUP-1014,P & M Sinclair Ltd,Construction,Environment,ENV001,5200,Capital,Renovation Works,17923.58,3584.72,21508.30,GBP,Paid,Bank Transfer,Invoice,2023/2024,-2
TXN-000169,INV-20250200169,2025-02-06,2025-03-08,,SUP-1033,P1 Solutions Ltd,Facilities,Planning,PLN001,6110,Supplies And Services,Facilities Management,-2039.42,-407.88,-2447.30,GBP,Overdue,,Credit Note,2024/2025,
TXN-000170,INV-20240600170,2024-06-22,2024-07-22,2024-07-17,SUP-1011,Decco Limited,Waste Management,Finance,FIN001,4300,Supplies And Services,Waste Collection,58182.92,11636.58,69819.50,GBP,Paid,Bank Transfer,Invoice,2024/2025,-5
TXN-000171,INV-20240200171,2024-02-11,2024-04-11,,SUP-1029,Phoenix Software Ltd,IT Software,Housing,HSG001,5100,Supplies And Services,Software Licensing,22228.50,4445.70,26674.20,GBP,Overdue,,Invoice,2023/2024,
TXN-000172,INV-20240400172,2024-04-26,2024-05-10,2024-05-04,SUP-1029,Phoenix Software Ltd,IT Software,Operations,OPS001,4500,Supplies And Services,Software Licensing,49059.25,9811.85,58871.10,GBP,Paid,BACS,Invoice,2024/2025,-6
TXN-000173,INV-20240800173,2024-08-05,2024-09-04,2024-09-03,SUP-1017,Bray Leino Ltd,Marketing,ICT Operations,ICT001,4200,Supplies And Services,Branding Materials,-1604.05,-320.81,-1924.86,GBP,Paid,BACS,Credit Note,2024/2025,-1
TXN-000174,INV-20230800174,2023-08-29,2023-10-28,2023-10-25,SUP-1018,Allied Publicity Services Ltd,Marketing,Operations,OPS001,4500,Supplies And Services,Branding Materials,53106.63,10621.33,63727.96,GBP,Paid,BACS,Invoice,2023/2024,-3
TXN-000175,INV-20240800175,2024-08-27,2024-09-26,2024-09-20,SUP-1027,Kyocera Document Solutions UK Ltd,Office Equipment,ICT Operations,ICT001,4200,Supplies And Services,Printing Equipment,22651.03,4530.21,27181.24,GBP,Paid,BACS,Invoice,2024/2025,-6
TXN-000176,INV-20250100176,2025-01-25,2025-02-24,,SUP-1021,Posturite Ltd,Office Supplies,Customer Services,CST001,4900,Supplies And Services,Office Equipment,8471.58,1694.32,10165.90,GBP,Overdue,,Invoice,2024/2025,
TXN-000177,INV-20250300177,2025-03-13,2025-04-12,,SUP-1019,Simon Tullett Machinery Ltd,Machinery,Customer Services,CST001,4900,Supplies And Services,Machinery Maintenance,27053.94,5410.79,32464.73,GBP,Overdue,,Invoice,2024/2025,
TXN-000178,INV-20230400178,2023-04-20,2023-05-20,2023-05-18,SUP-1001,Tech Source IT Solutions Ltd,IT & Technology,Customer Services,CST001,4900,Supplies And Services,IT Hardware,-3142.18,-628.44,-3770.62,GBP,Paid,Direct Debit,Credit Note,2023/2024,-2
TXN-000179,INV-20231100179,2023-11-30,2023-12-30,2023-12-30,SUP-1008,SAV United Kingdom Ltd,IT Hardware,Planning,PLN001,6110,Supplies And Services,Network Equipment,25334.58,5066.92,30401.50,GBP,Paid,Purchase Card,Invoice,2023/2024,0
TXN-000180,INV-20241200180,2024-12-02,2024-12-16,2024-12-06,SUP-1005,Johnston Builders & Roofing Ltd,Construction,Public Health,PH001,4210,Capital,Renovation Works,-3663.09,-732.62,-4395.71,GBP,Paid,Bank Transfer,Credit Note,2024/2025,-10
TXN-000181,INV-20231200181,2023-12-03,2023-12-17,2023-12-15,SUP-1028,Knowledge Train Ltd,Training,ICT Operations,ICT001,4200,Professional Services,Staff Training,31528.20,6305.64,37833.84,GBP,Paid,Bank Transfer,Invoice,2023/2024,-2
TXN-000182,INV-20240900182,2024-09-01,2024-09-15,2024-09-09,SUP-1034,RP Slight & Sons Ltd,Construction,Marketing,MKT001,4700,Capital,Joinery Works,2851.18,570.24,3421.42,GBP,Paid,Direct Debit,Invoice,2024/2025,-6
TXN-000183,INV-20240300183,2024-03-31,2024-04-30,2024-04-27,SUP-1024,Institute for Government,Consultancy,Facilities,FAC001,4400,Professional Services,Planning Consultancy,46347.21,9269.44,55616.65,GBP,Paid,BACS,Invoice,2023/2024,-3
TXN-000184,INV-20250100184,2025-01-18,2025-02-17,,SUP-1003,Siemens Financial Services Ltd,Equipment Finance,Environment,ENV001,5200,Capital,Equipment Purchase,58853.95,11770.79,70624.74,GBP,Overdue,,Invoice,2024/2025,
TXN-000185,INV-20230800185,2023-08-17,2023-09-16,,SUP-1031,Kin and Carta UK Ltd,Digital Services,Research,RES001,6200,Professional Services,Digital Transformation,2459.78,0.00,2459.78,GBP,Pending,,Invoice,2023/2024,
TXN-000186,INV-20230500186,2023-05-13,2023-06-12,2023-06-04,SUP-1003,Siemens Financial Services Ltd,Equipment Finance,Planning,PLN001,6110,Supplies And Services,Equipment Lease,59350.08,11870.02,71220.10,GBP,Paid,Purchase Card,Invoice,2023/2024,-8
TXN-000187,INV-20231000187,2023-10-13,2023-11-12,2023-11-12,SUP-1017,Bray Leino Ltd,Marketing,ICT Operations,ICT001,4200,Supplies And Services,Branding Materials,16574.69,3314.94,19889.63,GBP,Paid,Cheque,Invoice,2023/2024,0
TXN-000188,INV-20240600188,2024-06-24,2024-08-23,2024-08-21,SUP-1028,Knowledge Train Ltd,Training,Customer Services,CST001,4900,Professional Services,Staff Training,41601.09,8320.22,49921.31,GBP,Paid,Bank Transfer,Invoice,2024/2025,-2
TXN-000189,INV-20230600189,2023-06-20,2023-08-19,2023-08-17,SUP-1006,Edmundson Electrical Ltd,Electrical Supplies,Policy,POL001,6100,Supplies And Services,Electrical Materials,-737.34,-147.47,-884.81,GBP,Paid,Cheque,Credit Note,2023/2024,-2
TXN-000190,INV-20241200190,2024-12-08,2025-02-06,2025-01-30,SUP-1019,Simon Tullett Machinery Ltd,Machinery,Facilities,FAC001,4400,Supplies And Services,Machinery Maintenance,26966.00,5393.20,32359.20,GBP,Paid,Cheque,Invoice,2024/2025,-7
TXN-000191,INV-20230600191,2023-06-16,2023-08-15,2023-08-07,SUP-1028,Knowledge Train Ltd,Training,Facilities,FAC001,4400,Professional Services,Staff Training,57179.17,0.00,57179.17,GBP,Paid,Purchase Card,Invoice,2023/2024,-8
TXN-000192,INV-20231100192,2023-11-28,2023-12-28,2023-12-22,SUP-1003,Siemens Financial Services Ltd,Equipment Finance,Finance,FIN001,4300,Supplies And Services,Equipment Lease,-978.83,-195.77,-1174.60,GBP,Paid,Purchase Card,Credit Note,2023/2024,-6
TXN-000193,INV-20230600193,2023-06-18,2023-07-02,2023-06-24,SUP-1024,Institute for Government,Consultancy,Environment,ENV001,5200,Professional Services,Environmental Assessment,24032.53,4806.51,28839.04,GBP,Paid,BACS,Invoice,2023/2024,-8
TXN-000194,INV-20240800194,2024-08-24,2024-09-07,2024-08-30,SUP-1008,SAV United Kingdom Ltd,IT Hardware,ICT Operations,ICT001,4200,Supplies And Services,IT Hardware,15891.16,3178.23,19069.39,GBP,Paid,Bank Transfer,Invoice,2024/2025,-8
TXN-000195,INV-20250300195,2025-03-11,2025-05-10,2025-05-09,SUP-1029,Phoenix Software Ltd,IT Software,Housing,HSG001,5100,Supplies And Services,Software Licensing,51206.37,10241.27,61447.64,GBP,Paid,Purchase Card,Invoice,2024/2025,-1
TXN-000196,INV-20240600196,2024-06-29,2024-07-29,,SUP-1012,Sovereign Group Ltd,Construction,Customer Services,CST001,4900,Capital,Joinery Works,40153.43,8030.69,48184.12,GBP,Overdue,,Invoice,2024/2025,
TXN-000197,INV-20240100197,2024-01-23,2024-02-22,,SUP-1005,Johnston Builders & Roofing Ltd,Construction,Marketing,MKT001,4700,Capital,Joinery Works,42780.59,8556.12,51336.71,GBP,Overdue,,Invoice,2023/2024,
TXN-000198,INV-20240900198,2024-09-02,2024-10-02,2024-09-29,SUP-1012,Sovereign Group Ltd,Construction,Planning,PLN001,6110,Capital,Renovation Works,14394.99,2879.00,17273.99,GBP,Paid,Purchase Card,Invoice,2024/2025,-3
TXN-000199,INV-20240700199,2024-07-22,2024-08-05,2024-07-27,SUP-1002,Phoenix Partnership Leeds Ltd,Healthcare IT,Environment,ENV001,5200,Professional Services,System Integration,4178.45,835.69,5014.14,GBP,Paid,Purchase Card,Invoice,2024/2025,-9
TXN-000200,INV-20241100200,2024-11-09,2024-12-09,2024-12-04,SUP-1034,RP Slight & Sons Ltd,Construction,Waste Management,WM001,4600,Capital,Renovation Works,27135.98,5427.20,32563.18,GBP,Paid,Cheque,Invoice,2024/2025,-5
TXN-000201,INV-20230800201,2023-08-11,2023-10-10,2023-10-10,SUP-1009,Firstcall Trade Services Ltd,Trade Supplies,Customer Services,CST001,4900,Supplies And Services,Trade Supplies,31206.60,6241.32,37447.92,GBP,Paid,Bank Transfer,Invoice,2023/2024,0
TXN-000202,INV-20250300202,2025-03-27,2025-04-26,2025-04-18,SUP-1011,Decco Limited,Waste Management,Finance,FIN001,4300,Supplies And Services,Waste Processing,50794.54,10158.91,60953.45,GBP,Paid,Bank Transfer,Invoice,2024/2025,-8
TXN-000203,INV-20230800203,2023-08-07,2023-09-06,2023-08-29,SUP-1013,Cinos Ltd,Telecoms,Research,RES001,6200,Supplies And Services,Mobile Services,30278.75,6055.75,36334.50,GBP,Paid,BACS,Invoice,2023/2024,-8
TXN-000204,INV-20241000204,2024-10-29,2024-11-28,,SUP-1010,Vital Energi Utilities Ltd,Energy & Utilities,Finance,FIN001,4300,Supplies And Services,Utilities,5103.07,1020.61,6123.68,GBP,Overdue,,Invoice,2024/2025,
TXN-000205,INV-20241100205,2024-11-06,2025-01-05,2024-12-26,SUP-1017,Bray Leino Ltd,Marketing,Research,RES001,6200,Professional Services,Marketing Campaigns,30007.77,6001.55,36009.32,GBP,Paid,Bank Transfer,Invoice,2024/2025,-10
TXN-000206,INV-20240100206,2024-01-30,2024-03-30,2024-03-30,SUP-1031,Kin and Carta UK Ltd,Digital Services,Housing,HSG001,5100,Professional Services,Digital Transformation,26516.43,5303.29,31819.72,GBP,Paid,Purchase Card,Invoice,2023/2024,0
TXN-000207,INV-20230800207,2023-08-26,2023-09-25,,SUP-1014,P & M Sinclair Ltd,Construction,Environment,ENV001,5200,Capital,Joinery Works,44118.44,8823.69,52942.13,GBP,Overdue,,Invoice,2023/2024,
TXN-000208,INV-20240400208,2024-04-14,2024-04-28,2024-04-27,SUP-1023,Thames Lido Ltd,Facilities,Waste Management,WM001,4600,Supplies And Services,Facilities Management,14693.84,2938.77,17632.61,GBP,Paid,Bank Transfer,Invoice,2024/2025,-1
TXN-000209,INV-20230800209,2023-08-23,2023-09-22,2023-09-18,SUP-1018,Allied Publicity Services Ltd,Marketing,Operations,OPS001,4500,Professional Services,Marketing Campaigns,51883.79,10376.76,62260.55,GBP,Paid,BACS,Invoice,2023/2024,-4
TXN-000210,INV-20241100210,2024-11-12,2024-12-12,2024-12-10,SUP-1011,Decco Limited,Waste Management,Legal,LEG001,6120,Supplies And Services,Waste Processing,59759.17,11951.83,71711.00,GBP,Paid,Purchase Card,Invoice,2024/2025,-2
TXN-000211,INV-20240800211,2024-08-22,2024-09-21,2024-09-15,SUP-1032,Core Technology Systems UK Ltd,IT Infrastructure,Customer Services,CST001,4900,Supplies And Services,Infrastructure Support,-1393.46,-278.69,-1672.15,GBP,Paid,Cheque,Credit Note,2024/2025,-6
TXN-000212,INV-20240800212,2024-08-19,2024-09-02,,SUP-1004,Jamieson Joiners & Builders Ltd,Construction,ICT Operations,ICT001,4200,Capital,Renovation Works,17323.47,3464.69,20788.16,GBP,Overdue,,Invoice,2024/2025,
TXN-000213,INV-20240600213,2024-06-15,2024-07-15,2024-07-10,SUP-1001,Tech Source IT Solutions Ltd,IT & Technology,Legal,LEG001,6120,Supplies And Services,IT Hardware,22114.76,4422.95,26537.71,GBP,Paid,Direct Debit,Invoice,2024/2025,-5
TXN-000214,INV-20231000214,2023-10-17,2023-11-16,2023-11-12,SUP-1004,Jamieson Joiners & Builders Ltd,Construction,Human Resources,HR001,4800,Capital,Joinery Works,23334.34,4666.87,28001.21,GBP,Paid,Purchase Card,Invoice,2023/2024,-4
TXN-000215,INV-20250200215,2025-02-25,2025-03-11,2025-03-09,SUP-1018,Allied Publicity Services Ltd,Marketing,Legal,LEG001,6120,Supplies And Services,Branding Materials,23785.75,4757.15,28542.90,GBP,Paid,Cheque,Invoice,2024/2025,-2
TXN-000216,INV-20231000216,2023-10-21,2023-11-04,2023-10-29,SUP-1024,Institute for Government,Consultancy,Planning,PLN001,6110,Professional Services,Planning Consultancy,-434.84,-86.97,-521.81,GBP,Paid,Purchase Card,Credit Note,2023/2024,-6
TXN-000217,INV-20241200217,2024-12-11,2024-12-25,2024-12-20,SUP-1034,RP Slight & Sons Ltd,Construction,Operations,OPS001,4500,Capital,Building Works,-2116.53,-423.31,-2539.84,GBP,Paid,Bank Transfer,Credit Note,2024/2025,-5
TXN-000218,INV-20250300218,2025-03-26,2025-04-09,2025-04-02,SUP-1022,Operational Research Society,Research,Marketing,MKT001,4700,Professional Services,Conference Fees,22259.38,0.00,22259.38,GBP,Paid,Direct Debit,Invoice,2024/2025,-7
TXN-000219,INV-20241200219,2024-12-02,2025-01-31,2025-01-21,SUP-1020,Tillicoultry Quarries Ltd,Materials,Planning,PLN001,6110,Supplies And Services,Aggregate Materials,-3676.65,-735.33,-4411.98,GBP,Paid,Purchase Card,Credit Note,2024/2025,-10
TXN-000220,INV-20230800220,2023-08-30,2023-09-29,2023-09-20,SUP-1011,Decco Limited,Waste Management,Marketing,MKT001,4700,Supplies And Services,Waste Processing,11649.36,2329.87,13979.23,GBP,Paid,Purchase Card,Invoice,2023/2024,-9
TXN-000221,INV-20240500221,2024-05-27,2024-06-26,2024-06-18,SUP-1021,Posturite Ltd,Office Supplies,Waste Management,WM001,4600,Supplies And Services,Office Equipment,-4395.88,-879.18,-5275.06,GBP,Paid,BACS,Credit Note,2024/2025,-8
TXN-000222,INV-20241000222,2024-10-26,2024-11-25,,SUP-1009,Firstcall Trade Services Ltd,Trade Supplies,Marketing,MKT001,4700,Supplies And Services,Trade Supplies,31647.26,6329.45,37976.71,GBP,Pending,,Invoice,2024/2025,
TXN-000223,INV-20240900223,2024-09-27,2024-10-27,2024-10-22,SUP-1021,Posturite Ltd,Office Supplies,Finance,FIN001,4300,Supplies And Services,Ergonomic Equipment,36702.08,7340.42,44042.50,GBP,Paid,BACS,Invoice,2024/2025,-5
TXN-000224,INV-20231100224,2023-11-17,2023-12-17,,SUP-1016,LSE Enterprise Ltd,Education & Research,Facilities,FAC001,4400,Professional Services,Training,42367.83,8473.57,50841.40,GBP,Overdue,,Invoice,2023/2024,
TXN-000225,INV-20241000225,2024-10-25,2024-11-24,2024-11-23,SUP-1021,Posturite Ltd,Office Supplies,Operations,OPS001,4500,Supplies And Services,Ergonomic Equipment,-2053.55,-410.71,-2464.26,GBP,Paid,Direct Debit,Credit Note,2024/2025,-1
TXN-000226,INV-20240100226,2024-01-23,2024-02-22,2024-02-21,SUP-1023,Thames Lido Ltd,Facilities,Planning,PLN001,6110,Supplies And Services,Facilities Management,55459.58,11091.92,66551.50,GBP,Paid,Bank Transfer,Invoice,2023/2024,-1
TXN-000227,INV-20241000227,2024-10-03,2024-11-02,2024-10-29,SUP-1031,Kin and Carta UK Ltd,Digital Services,Housing,HSG001,5100,Professional Services,Digital Transformation,6776.29,0.00,6776.29,GBP,Paid,BACS,Invoice,2024/2025,-4
TXN-000228,INV-20231100228,2023-11-18,2023-12-18,2023-12-17,SUP-1004,Jamieson Joiners & Builders Ltd,Construction,Research,RES001,6200,Capital,Joinery Works,19985.04,3997.01,23982.05,GBP,Paid,Purchase Card,Invoice,2023/2024,-1
TXN-000229,INV-20230400229,2023-04-06,2023-04-20,2023-04-14,SUP-1007,KPMG LLP,Professional Services,Research,RES001,6200,Professional Services,Audit Fees,28777.55,0.00,28777.55,GBP,Paid,Bank Transfer,Invoice,2023/2024,-6
TXN-000230,INV-20230700230,2023-07-01,2023-07-15,2023-07-07,SUP-1021,Posturite Ltd,Office Supplies,Facilities,FAC001,4400,Supplies And Services,Office Equipment,54815.48,10963.10,65778.58,GBP,Paid,BACS,Invoice,2023/2024,-8
TXN-000231,INV-20230500231,2023-05-08,2023-07-07,,SUP-1027,Kyocera Document Solutions UK Ltd,Office Equipment,Customer Services,CST001,4900,Supplies And Services,Printing Equipment,11382.12,2276.42,13658.54,GBP,Overdue,,Invoice,2023/2024,
TXN-000232,INV-20230400232,2023-04-10,2023-05-10,2023-05-01,SUP-1019,Simon Tullett Machinery Ltd,Machinery,Customer Services,CST001,4900,Supplies And Services,Machinery Parts,55725.18,11145.04,66870.22,GBP,Paid,Cheque,Invoice,2023/2024,-9
TXN-000233,INV-20230800233,2023-08-16,2023-08-30,2023-08-26,SUP-1019,Simon Tullett Machinery Ltd,Machinery,Operations,OPS001,4500,Supplies And Services,Machinery Maintenance,48576.63,9715.33,58291.96,GBP,Paid,Cheque,Invoice,2023/2024,-4
TXN-000234,INV-20250100234,2025-01-23,2025-02-22,,SUP-1011,Decco Limited,Waste Management,Policy,POL001,6100,Supplies And Services,Waste Processing,1091.53,218.31,1309.84,GBP,Pending,,Invoice,2024/2025,
TXN-000235,INV-20241100235,2024-11-02,2024-12-02,2024-11-23,SUP-1022,Operational Research Society,Research,Planning,PLN001,6110,Professional Services,Conference Fees,49662.64,9932.53,59595.17,GBP,Paid,Bank Transfer,Invoice,2024/2025,-9
TXN-000236,INV-20231000236,2023-10-07,2023-11-06,2023-11-01,SUP-1026,CMS Enviro Systems Ltd,Environmental,Research,RES001,6200,Supplies And Services,Environmental Services,658.10,131.62,789.72,GBP,Paid,Direct Debit,Invoice,2023/2024,-5
TXN-000237,INV-20240300237,2024-03-03,2024-04-02,2024-03-24,SUP-1016,LSE Enterprise Ltd,Education & Research,Operations,OPS001,4500,Professional Services,Training,15877.80,3175.56,19053.36,GBP,Paid,BACS,Invoice,2023/2024,-9
TXN-000238,INV-20240700238,2024-07-20,2024-08-19,2024-08-13,SUP-1004,Jamieson Joiners & Builders Ltd,Construction,Research,RES001,6200,Capital,Building Works,-4467.06,-893.41,-5360.47,GBP,Paid,Bank Transfer,Credit Note,2024/2025,-6
TXN-000239,INV-20240400239,2024-04-11,2024-04-25,2024-04-22,SUP-1008,SAV United Kingdom Ltd,IT Hardware,Research,RES001,6200,Supplies And Services,Network Equipment,28821.37,5764.27,34585.64,GBP,Paid,Purchase Card,Invoice,2024/2025,-3
TXN-000240,INV-20241000240,2024-10-02,2024-11-01,,SUP-1024,Institute for Government,Consultancy,Waste Management,WM001,4600,Professional Services,Environmental Assessment,40900.43,0.00,40900.43,GBP,Overdue,,Invoice,2024/2025,
TXN-000241,INV-20250300241,2025-03-21,2025-04-20,2025-04-11,SUP-1034,RP Slight & Sons Ltd,Construction,Operations,OPS001,4500,Capital,Joinery Works,3940.04,788.01,4728.05,GBP,Paid,BACS,Invoice,2024/2025,-9
TXN-000242,INV-20240300242,2024-03-01,2024-03-15,2024-03-14,SUP-1035,Dalkeith SPV Ltd,Capital Projects,Finance,FIN001,4300,Capital,Major Works,43085.85,8617.17,51703.02,GBP,Paid,Purchase Card,Invoice,2023/2024,-1
TXN-000243,INV-20230500243,2023-05-27,2023-07-26,2023-07-18,SUP-1006,Edmundson Electrical Ltd,Electrical Supplies,Customer Services,CST001,4900,Supplies And Services,Electrical Materials,27543.71,5508.74,33052.45,GBP,Paid,BACS,Invoice,2023/2024,-8
TXN-000244,INV-20230400244,2023-04-23,2023-06-22,2023-06-22,SUP-1030,Wales Audit Office,Audit & Compliance,Research,RES001,6200,Professional Services,External Audit,34804.10,0.00,34804.10,GBP,Paid,Direct Debit,Invoice,2023/2024,0
TXN-000245,INV-20241000245,2024-10-06,2024-11-05,2024-10-29,SUP-1023,Thames Lido Ltd,Facilities,Policy,POL001,6100,Supplies And Services,Facilities Management,17403.67,3480.73,20884.40,GBP,Paid,BACS,Invoice,2024/2025,-7
TXN-000246,INV-20240400246,2024-04-18,2024-06-17,2024-06-11,SUP-1009,Firstcall Trade Services Ltd,Trade Supplies,Planning,PLN001,6110,Supplies And Services,Trade Supplies,5044.94,1008.99,6053.93,GBP,Paid,BACS,Invoice,2024/2025,-6
TXN-000247,INV-20241000247,2024-10-02,2024-12-01,2024-11-29,SUP-1023,Thames Lido Ltd,Facilities,Public Health,PH001,4210,Supplies And Services,Facilities Management,50130.59,10026.12,60156.71,GBP,Paid,BACS,Invoice,2024/2025,-2
TXN-000248,INV-20240900248,2024-09-26,2024-11-25,,SUP-1020,Tillicoultry Quarries Ltd,Materials,Operations,OPS001,4500,Supplies And Services,Aggregate Materials,15038.84,3007.77,18046.61,GBP,Overdue,,Invoice,2024/2025,
TXN-000249,INV-20231000249,2023-10-11,2023-11-10,2023-10-31,SUP-1023,Thames Lido Ltd,Facilities,Finance,FIN001,4300,Supplies And Services,Facilities Management,36991.66,7398.33,44389.99,GBP,Paid,BACS,Invoice,2023/2024,-10
TXN-000250,INV-20230700250,2023-07-13,2023-07-27,2023-07-20,SUP-1016,LSE Enterprise Ltd,Education & Research,Housing,HSG001,5100,Professional Services,Research Services,-4393.01,-0.00,-4393.01,GBP,Paid,BACS,Credit Note,2023/2024,-7
TXN-000251,INV-20241000251,2024-10-04,2024-11-03,,SUP-1026,CMS Enviro Systems Ltd,Environmental,Operations,OPS001,4500,Supplies And Services,Environmental Services,8623.10,1724.62,10347.72,GBP,Overdue,,Invoice,2024/2025,
TXN-000252,INV-20241100252,2024-11-12,2024-11-26,,SUP-1019,Simon Tullett Machinery Ltd,Machinery,Housing,HSG001,5100,Supplies And Services,Machinery Maintenance,14405.02,2881.00,17286.02,GBP,Overdue,,Invoice,2024/2025,
TXN-000253,INV-20240500253,2024-05-28,2024-06-27,2024-06-27,SUP-1010,Vital Energi Utilities Ltd,Energy & Utilities,Research,RES001,6200,Capital,Energy Works,-4428.64,-885.73,-5314.37,GBP,Paid,BACS,Credit Note,2024/2025,0
TXN-000254,INV-20230500254,2023-05-19,2023-06-18,,SUP-1028,Knowledge Train Ltd,Training,Marketing,MKT001,4700,Professional Services,Staff Training,47201.82,9440.36,56642.18,GBP,Pending,,Invoice,2023/2024,
TXN-000255,INV-20240200255,2024-02-02,2024-04-02,2024-03-25,SUP-1027,Kyocera Document Solutions UK Ltd,Office Equipment,Waste Management,WM001,4600,Supplies And Services,Printing Equipment,14647.85,2929.57,17577.42,GBP,Paid,BACS,Invoice,2023/2024,-8
TXN-000256,INV-20240700256,2024-07-18,2024-08-17,2024-08-11,SUP-1020,Tillicoultry Quarries Ltd,Materials,Legal,LEG001,6120,Supplies And Services,Aggregate Materials,33547.88,6709.58,40257.46,GBP,Paid,BACS,Invoice,2024/2025,-6
TXN-000257,INV-20231000257,2023-10-26,2023-11-25,,SUP-1025,Franks Portlock Consulting Ltd,Consultancy,Housing,HSG001,5100,Professional Services,Environmental Assessment,55353.01,11070.60,66423.61,GBP,Pending,,Invoice,2023/2024,
TXN-000258,INV-20230500258,2023-05-23,2023-06-22,2023-06-12,SUP-1006,Edmundson Electrical Ltd,Electrical Supplies,Marketing,MKT001,4700,Supplies And Services,Electrical Materials,-4399.70,-879.94,-5279.64,GBP,Paid,BACS,Credit Note,2023/2024,-10
TXN-000259,INV-20240300259,2024-03-06,2024-04-05,2024-04-02,SUP-1014,P & M Sinclair Ltd,Construction,Operations,OPS001,4500,Capital,Building Works,57734.13,11546.83,69280.96,GBP,Paid,Bank Transfer,Invoice,2023/2024,-3
TXN-000260,INV-20250300260,2025-03-13,2025-03-27,,SUP-1031,Kin and Carta UK Ltd,Digital Services,Customer Services,CST001,4900,Professional Services,Digital Transformation,23948.77,0.00,23948.77,GBP,Pending,,Invoice,2024/2025,
TXN-000261,INV-20240400261,2024-04-24,2024-06-23,2024-06-13,SUP-1021,Posturite Ltd,Office Supplies,Planning,PLN001,6110,Supplies And Services,Ergonomic Equipment,18678.23,3735.65,22413.88,GBP,Paid,Cheque,Invoice,2024/2025,-10
TXN-000262,INV-20240700262,2024-07-21,2024-08-20,,SUP-1033,P1 Solutions Ltd,Facilities,Customer Services,CST001,4900,Supplies And Services,Facilities Management,45757.33,9151.47,54908.80,GBP,Overdue,,Invoice,2024/2025,
TXN-000263,INV-20240400263,2024-04-14,2024-05-14,2024-05-14,SUP-1021,Posturite Ltd,Office Supplies,Customer Services,CST001,4900,Supplies And Services,Office Equipment,-3770.95,-754.19,-4525.14,GBP,Paid,BACS,Credit Note,2024/2025,0
TXN-000264,INV-20241100264,2024-11-14,2025-01-13,2025-01-11,SUP-1017,Bray Leino Ltd,Marketing,Marketing,MKT001,4700,Supplies And Services,Branding Materials,19959.45,3991.89,23951.34,GBP,Paid,Direct Debit,Invoice,2024/2025,-2
TXN-000265,INV-20231200265,2023-12-20,2024-02-18,,SUP-1016,LSE Enterprise Ltd,Education & Research,Operations,OPS001,4500,Professional Services,Training,27784.53,5556.91,33341.44,GBP,Pending,,Invoice,2023/2024,
TXN-000266,INV-20231000266,2023-10-06,2023-10-20,,SUP-1011,Decco Limited,Waste Management,Finance,FIN001,4300,Supplies And Services,Waste Processing,31555.68,6311.14,37866.82,GBP,Pending,,Invoice,2023/2024,
TXN-000267,INV-20230500267,2023-05-20,2023-06-19,2023-06-17,SUP-1005,Johnston Builders & Roofing Ltd,Construction,Legal,LEG001,6120,Capital,Joinery Works,4311.08,862.22,5173.30,GBP,Paid,BACS,Invoice,2023/2024,-2
TXN-000268,INV-20240700268,2024-07-10,2024-08-09,2024-07-31,SUP-1001,Tech Source IT Solutions Ltd,IT & Technology,Housing,HSG001,5100,Supplies And Services,IT Support,-3381.60,-676.32,-4057.92,GBP,Paid,BACS,Credit Note,2024/2025,-9
TXN-000269,INV-20240500269,2024-05-26,2024-06-25,2024-06-17,SUP-1001,Tech Source IT Solutions Ltd,IT & Technology,Marketing,MKT001,4700,Supplies And Services,IT Support,32260.35,6452.07,38712.42,GBP,Paid,Bank Transfer,Invoice,2024/2025,-8
TXN-000270,INV-20231000270,2023-10-01,2023-10-31,2023-10-23,SUP-1002,Phoenix Partnership Leeds Ltd,Healthcare IT,Marketing,MKT001,4700,Professional Services,System Integration,14647.89,2929.58,17577.47,GBP,Paid,Cheque,Invoice,2023/2024,-8
TXN-000271,INV-20230600271,2023-06-20,2023-07-20,2023-07-13,SUP-1018,Allied Publicity Services Ltd,Marketing,Planning,PLN001,6110,Supplies And Services,Print Media,-3561.87,-712.37,-4274.24,GBP,Paid,Bank Transfer,Credit Note,2023/2024,-7
TXN-000272,INV-20230700272,2023-07-05,2023-09-03,2023-08-28,SUP-1006,Edmundson Electrical Ltd,Electrical Supplies,Research,RES001,6200,Supplies And Services,Electrical Materials,-3274.55,-654.91,-3929.46,GBP,Paid,BACS,Credit Note,2023/2024,-6
TXN-000273,INV-20250100273,2025-01-20,2025-02-19,2025-02-18,SUP-1006,Edmundson Electrical Ltd,Electrical Supplies,Operations,OPS001,4500,Supplies And Services,Electrical Materials,-1341.39,-268.28,-1609.67,GBP,Paid,Purchase Card,Credit Note,2024/2025,-1
TXN-000274,INV-20250300274,2025-03-01,2025-03-31,2025-03-22,SUP-1018,Allied Publicity Services Ltd,Marketing,ICT Operations,ICT001,4200,Professional Services,Marketing Campaigns,10966.43,2193.29,13159.72,GBP,Paid,BACS,Invoice,2024/2025,-9
TXN-000275,INV-20250300275,2025-03-30,2025-05-29,2025-05-25,SUP-1014,P & M Sinclair Ltd,Construction,Human Resources,HR001,4800,Capital,Building Works,33946.50,6789.30,40735.80,GBP,Paid,Direct Debit,Invoice,2024/2025,-4
TXN-000276,INV-20230800276,2023-08-22,2023-09-21,2023-09-16,SUP-1035,Dalkeith SPV Ltd,Capital Projects,Environment,ENV001,5200,Capital,Major Works,6086.73,1217.35,7304.08,GBP,Paid,BACS,Invoice,2023/2024,-5
TXN-000277,INV-20241200277,2024-12-19,2025-01-02,2024-12-28,SUP-1005,Johnston Builders & Roofing Ltd,Construction,Environment,ENV001,5200,Capital,Joinery Works,38138.85,7627.77,45766.62,GBP,Paid,Purchase Card,Invoice,2024/2025,-5
TXN-000278,INV-20241000278,2024-10-18,2024-12-17,2024-12-15,SUP-1032,Core Technology Systems UK Ltd,IT Infrastructure,Housing,HSG001,5100,Supplies And Services,Infrastructure Support,-657.05,-131.41,-788.46,GBP,Paid,Bank Transfer,Credit Note,2024/2025,-2
TXN-000279,INV-20230600279,2023-06-24,2023-07-24,2023-07-18,SUP-1016,LSE Enterprise Ltd,Education & Research,Policy,POL001,6100,Professional Services,Research Services,44444.40,8888.88,53333.28,GBP,Paid,Cheque,Invoice,2023/2024,-6
TXN-000280,INV-20240200280,2024-02-10,2024-04-10,2024-04-06,SUP-1007,KPMG LLP,Professional Services,Public Health,PH001,4210,Professional Services,Audit Fees,8167.29,0.00,8167.29,GBP,Paid,Direct Debit,Invoice,2023/2024,-4
TXN-000281,INV-20230700281,2023-07-15,2023-08-14,2023-08-09,SUP-1029,Phoenix Software Ltd,IT Software,Marketing,MKT001,4700,Supplies And Services,Software Licensing,-3090.71,-618.14,-3708.85,GBP,Paid,Cheque,Credit Note,2023/2024,-5
TXN-000282,INV-20240500282,2024-05-28,2024-07-27,,SUP-1025,Franks Portlock Consulting Ltd,Consultancy,ICT Operations,ICT001,4200,Professional Services,Environmental Assessment,43559.42,0.00,43559.42,GBP,Overdue,,Invoice,2024/2025,
TXN-000283,INV-20240400283,2024-04-24,2024-05-24,2024-05-20,SUP-1034,RP Slight & Sons Ltd,Construction,Finance,FIN001,4300,Capital,Joinery Works,16287.31,3257.46,19544.77,GBP,Paid,BACS,Invoice,2024/2025,-4
TXN-000284,INV-20240100284,2024-01-08,2024-03-08,2024-03-01,SUP-1005,Johnston Builders & Roofing Ltd,Construction,Finance,FIN001,4300,Capital,Renovation Works,21827.21,4365.44,26192.65,GBP,Paid,BACS,Invoice,2023/2024,-7
TXN-000285,INV-20240700285,2024-07-12,2024-08-11,2024-08-07,SUP-1032,Core Technology Systems UK Ltd,IT Infrastructure,Human Resources,HR001,4800,Supplies And Services,Infrastructure Support,56942.20,11388.44,68330.64,GBP,Paid,Cheque,Invoice,2024/2025,-4
TXN-000286,INV-20240600286,2024-06-24,2024-07-24,2024-07-14,SUP-1025,Franks Portlock Consulting Ltd,Consultancy,Planning,PLN001,6110,Professional Services,Environmental Assessment,-1773.16,-0.00,-1773.16,GBP,Paid,Purchase Card,Credit Note,2024/2025,-10
TXN-000287,INV-20240200287,2024-02-21,2024-03-22,,SUP-1021,Posturite Ltd,Office Supplies,Finance,FIN001,4300,Supplies And Services,Ergonomic Equipment,58073.84,11614.77,69688.61,GBP,Pending,,Invoice,2023/2024,
TXN-000288,INV-20240100288,2024-01-13,2024-03-13,2024-03-12,SUP-1016,LSE Enterprise Ltd,Education & Research,Environment,ENV001,5200,Professional Services,Training,-4987.01,-0.00,-4987.01,GBP,Paid,BACS,Credit Note,2023/2024,-1
TXN-000289,INV-20240600289,2024-06-22,2024-07-22,,SUP-1030,Wales Audit Office,Audit & Compliance,Policy,POL001,6100,Professional Services,External Audit,49183.19,9836.64,59019.83,GBP,Overdue,,Invoice,2024/2025,
TXN-000290,INV-20231200290,2023-12-04,2024-01-03,,SUP-1032,Core Technology Systems UK Ltd,IT Infrastructure,Finance,FIN001,4300,Supplies And Services,Infrastructure Support,42985.37,8597.07,51582.44,GBP,Pending,,Invoice,2023/2024,
TXN-000291,INV-20241200291,2024-12-03,2025-02-01,2025-01-26,SUP-1025,Franks Portlock Consulting Ltd,Consultancy,Public Health,PH001,4210,Professional Services,Environmental Assessment,-4621.86,-924.37,-5546.23,GBP,Paid,BACS,Credit Note,2024/2025,-6
TXN-000292,INV-20230700292,2023-07-21,2023-08-20,,SUP-1024,Institute for Government,Consultancy,Policy,POL001,6100,Professional Services,Planning Consultancy,10188.72,0.00,10188.72,GBP,Pending,,Invoice,2023/2024,
TXN-000293,INV-20240600293,2024-06-14,2024-07-14,2024-07-13,SUP-1026,CMS Enviro Systems Ltd,Environmental,Planning,PLN001,6110,Supplies And Services,Environmental Services,13514.56,2702.91,16217.47,GBP,Paid,BACS,Invoice,2024/2025,-1
TXN-000294,INV-20240700294,2024-07-18,2024-08-01,,SUP-1029,Phoenix Software Ltd,IT Software,Environment,ENV001,5200,Supplies And Services,Software Licensing,-4989.09,-997.82,-5986.91,GBP,Pending,,Credit Note,2024/2025,
TXN-000295,INV-20240500295,2024-05-30,2024-06-29,2024-06-27,SUP-1031,Kin and Carta UK Ltd,Digital Services,Public Health,PH001,4210,Professional Services,Digital Transformation,18885.45,3777.09,22662.54,GBP,Paid,BACS,Invoice,2024/2025,-2
TXN-000296,INV-20240700296,2024-07-31,2024-08-30,2024-08-23,SUP-1034,RP Slight & Sons Ltd,Construction,Operations,OPS001,4500,Capital,Renovation Works,4263.67,852.73,5116.40,GBP,Paid,BACS,Invoice,2024/2025,-7
TXN-000297,INV-20250100297,2025-01-23,2025-02-22,,SUP-1008,SAV United Kingdom Ltd,IT Hardware,ICT Operations,ICT001,4200,Supplies And Services,Network Equipment,55812.87,11162.57,66975.44,GBP,Pending,,Invoice,2024/2025,
TXN-000298,INV-20241000298,2024-10-17,2024-11-16,2024-11-08,SUP-1016,LSE Enterprise Ltd,Education & Research,Marketing,MKT001,4700,Professional Services,Research Services,57518.14,0.00,57518.14,GBP,Paid,Direct Debit,Invoice,2024/2025,-8
TXN-000299,INV-20250200299,2025-02-02,2025-04-03,2025-04-03,SUP-1012,Sovereign Group Ltd,Construction,Finance,FIN001,4300,Capital,Joinery Works,-2385.48,-477.10,-2862.58,GBP,Paid,Direct Debit,Credit Note,2024/2025,0
TXN-000300,INV-20231000300,2023-10-28,2023-11-27,,SUP-1025,Franks Portlock Consulting Ltd,Consultancy,ICT Operations,ICT001,4200,Professional Services,Planning Consultancy,34746.54,0.00,34746.54,GBP,Overdue,,Invoice,2023/2024,
TXN-000301,INV-20240700301,2024-07-12,2024-08-11,2024-08-01,SUP-1024,Institute for Government,Consultancy,Environment,ENV001,5200,Professional Services,Planning Consultancy,31780.97,6356.19,38137.16,GBP,Paid,Direct Debit,Invoice,2024/2025,-10
TXN-000302,INV-20240300302,2024-03-22,2024-04-21,,SUP-1026,CMS Enviro Systems Ltd,Environmental,Human Resources,HR001,4800,Supplies And Services,Environmental Services,37137.42,7427.48,44564.90,GBP,Overdue,,Invoice,2023/2024,
TXN-000303,INV-20250200303,2025-02-17,2025-03-19,2025-03-18,SUP-1020,Tillicoultry Quarries Ltd,Materials,Customer Services,CST001,4900,Supplies And Services,Aggregate Materials,18496.46,3699.29,22195.75,GBP,Paid,BACS,Invoice,2024/2025,-1
TXN-000304,INV-20240900304,2024-09-05,2024-11-04,2024-10-26,SUP-1024,Institute for Government,Consultancy,Policy,POL001,6100,Professional Services,Planning Consultancy,34594.66,6918.93,41513.59,GBP,Paid,BACS,Invoice,2024/2025,-9
TXN-000305,INV-20241000305,2024-10-20,2024-11-19,2024-11-15,SUP-1032,Core Technology Systems UK Ltd,IT Infrastructure,Research,RES001,6200,Supplies And Services,Infrastructure Support,11429.14,2285.83,13714.97,GBP,Paid,Purchase Card,Invoice,2024/2025,-4
TXN-000306,INV-20230400306,2023-04-10,2023-06-09,2023-06-06,SUP-1004,Jamieson Joiners & Builders Ltd,Construction,Legal,LEG001,6120,Capital,Renovation Works,57838.79,11567.76,69406.55,GBP,Paid,Purchase Card,Invoice,2023/2024,-3
TXN-000307,INV-20240500307,2024-05-30,2024-07-29,2024-07-27,SUP-1027,Kyocera Document Solutions UK Ltd,Office Equipment,Research,RES001,6200,Supplies And Services,Printing Equipment,34032.52,6806.50,40839.02,GBP,Paid,BACS,Invoice,2024/2025,-2
TXN-000308,INV-20231100308,2023-11-17,2023-12-01,2023-11-29,SUP-1019,Simon Tullett Machinery Ltd,Machinery,ICT Operations,ICT001,4200,Supplies And Services,Machinery Maintenance,34047.62,6809.52,40857.14,GBP,Paid,Purchase Card,Invoice,2023/2024,-2
TXN-000309,INV-20231200309,2023-12-31,2024-01-14,,SUP-1033,P1 Solutions Ltd,Facilities,Public Health,PH001,4210,Supplies And Services,Facilities Management,32637.09,6527.42,39164.51,GBP,Overdue,,Invoice,2023/2024,
TXN-000310,INV-20241000310,2024-10-11,2024-11-10,2024-11-09,SUP-1003,Siemens Financial Services Ltd,Equipment Finance,Planning,PLN001,6110,Capital,Equipment Purchase,18038.11,3607.62,21645.73,GBP,Paid,BACS,Invoice,2024/2025,-1
TXN-000311,INV-20230600311,2023-06-29,2023-08-28,,SUP-1029,Phoenix Software Ltd,IT Software,Facilities,FAC001,4400,Supplies And Services,Software Licensing,46593.99,9318.80,55912.79,GBP,Overdue,,Invoice,2023/2024,
TXN-000312,INV-20250300312,2025-03-28,2025-04-11,,SUP-1016,LSE Enterprise Ltd,Education & Research,Housing,HSG001,5100,Professional Services,Training,10167.40,0.00,10167.40,GBP,Pending,,Invoice,2024/2025,
TXN-000313,INV-20230500313,2023-05-31,2023-06-14,2023-06-06,SUP-1014,P & M Sinclair Ltd,Construction,Legal,LEG001,6120,Capital,Building Works,35912.25,7182.45,43094.70,GBP,Paid,BACS,Invoice,2023/2024,-8
TXN-000314,INV-20240100314,2024-01-22,2024-02-05,2024-01-28,SUP-1021,Posturite Ltd,Office Supplies,Policy,POL001,6100,Supplies And Services,Ergonomic Equipment,8351.44,1670.29,10021.73,GBP,Paid,Direct Debit,Invoice,2023/2024,-8
TXN-000315,INV-20230800315,2023-08-08,2023-09-07,2023-09-05,SUP-1004,Jamieson Joiners & Builders Ltd,Construction,Facilities,FAC001,4400,Capital,Joinery Works,49751.79,9950.36,59702.15,GBP,Paid,Direct Debit,Invoice,2023/2024,-2
TXN-000316,INV-20250100316,2025-01-02,2025-03-03,2025-02-24,SUP-1032,Core Technology Systems UK Ltd,IT Infrastructure,Finance,FIN001,4300,Supplies And Services,Infrastructure Support,38109.26,7621.85,45731.11,GBP,Paid,Bank Transfer,Invoice,2024/2025,-7
TXN-000317,INV-20250300317,2025-03-12,2025-04-11,2025-04-04,SUP-1026,CMS Enviro Systems Ltd,Environmental,Marketing,MKT001,4700,Supplies And Services,Environmental Services,35021.84,7004.37,42026.21,GBP,Paid,Bank Transfer,Invoice,2024/2025,-7
TXN-000318,INV-20230600318,2023-06-04,2023-06-18,2023-06-15,SUP-1030,Wales Audit Office,Audit & Compliance,Research,RES001,6200,Professional Services,External Audit,49534.65,9906.93,59441.58,GBP,Paid,Bank Transfer,Invoice,2023/2024,-3
TXN-000319,INV-20240300319,2024-03-11,2024-03-25,2024-03-23,SUP-1021,Posturite Ltd,Office Supplies,Legal,LEG001,6120,Supplies And Services,Ergonomic Equipment,-3994.44,-798.89,-4793.33,GBP,Paid,BACS,Credit Note,2023/2024,-2
TXN-000320,INV-20230400320,2023-04-17,2023-05-17,,SUP-1003,Siemens Financial Services Ltd,Equipment Finance,Public Health,PH001,4210,Capital,Equipment Purchase,26616.84,5323.37,31940.21,GBP,Overdue,,Invoice,2023/2024,
TXN-000321,INV-20250300321,2025-03-06,2025-04-05,,SUP-1001,Tech Source IT Solutions Ltd,IT & Technology,Waste Management,WM001,4600,Supplies And Services,IT Hardware,9748.90,1949.78,11698.68,GBP,Pending,,Invoice,2024/2025,
TXN-000322,INV-20240400322,2024-04-04,2024-05-04,2024-04-29,SUP-1018,Allied Publicity Services Ltd,Marketing,Public Health,PH001,4210,Supplies And Services,Branding Materials,3344.29,668.86,4013.15,GBP,Paid,Bank Transfer,Invoice,2024/2025,-5
TXN-000323,INV-20250300323,2025-03-21,2025-04-20,2025-04-17,SUP-1015,Vodafone Ltd,Telecoms,Waste Management,WM001,4600,Supplies And Services,Telecommunications,4906.84,981.37,5888.21,GBP,Paid,BACS,Invoice,2024/2025,-3
TXN-000324,INV-20230400324,2023-04-10,2023-05-10,,SUP-1034,RP Slight & Sons Ltd,Construction,Research,RES001,6200,Capital,Renovation Works,49072.26,9814.45,58886.71,GBP,Pending,,Invoice,2023/2024,
TXN-000325,INV-20240800325,2024-08-02,2024-09-01,2024-08-26,SUP-1028,Knowledge Train Ltd,Training,Policy,POL001,6100,Professional Services,Staff Training,43913.11,0.00,43913.11,GBP,Paid,Bank Transfer,Invoice,2024/2025,-6
TXN-000326,INV-20230800326,2023-08-19,2023-10-18,,SUP-1021,Posturite Ltd,Office Supplies,Environment,ENV001,5200,Supplies And Services,Ergonomic Equipment,38584.17,7716.83,46301.00,GBP,Overdue,,Invoice,2023/2024,
TXN-000327,INV-20241200327,2024-12-15,2025-01-14,2025-01-09,SUP-1010,Vital Energi Utilities Ltd,Energy & Utilities,Public Health,PH001,4210,Capital,Energy Works,37777.78,7555.56,45333.34,GBP,Paid,BACS,Invoice,2024/2025,-5
TXN-000328,INV-20231100328,2023-11-09,2023-12-09,2023-12-07,SUP-1027,Kyocera Document Solutions UK Ltd,Office Equipment,Human Resources,HR001,4800,Supplies And Services,Printing Equipment,35477.04,7095.41,42572.45,GBP,Paid,Direct Debit,Invoice,2023/2024,-2
TXN-000329,INV-20230800329,2023-08-22,2023-09-21,2023-09-11,SUP-1023,Thames Lido Ltd,Facilities,Waste Management,WM001,4600,Supplies And Services,Facilities Management,15077.98,3015.60,18093.58,GBP,Paid,Bank Transfer,Invoice,2023/2024,-10
TXN-000330,INV-20231000330,2023-10-28,2023-11-11,2023-11-03,SUP-1002,Phoenix Partnership Leeds Ltd,Healthcare IT,Legal,LEG001,6120,Professional Services,System Integration,44933.66,8986.73,53920.39,GBP,Paid,BACS,Invoice,2023/2024,-8
TXN-000331,INV-20230700331,2023-07-25,2023-08-24,2023-08-14,SUP-1016,LSE Enterprise Ltd,Education & Research,Operations,OPS001,4500,Professional Services,Training,-4471.44,-0.00,-4471.44,GBP,Paid,Cheque,Credit Note,2023/2024,-10
TXN-000332,INV-20241100332,2024-11-03,2025-01-02,2024-12-25,SUP-1021,Posturite Ltd,Office Supplies,Finance,FIN001,4300,Supplies And Services,Ergonomic Equipment,45822.87,9164.57,54987.44,GBP,Paid,Bank Transfer,Invoice,2024/2025,-8
TXN-000333,INV-20230400333,2023-04-15,2023-05-15,2023-05-15,SUP-1002,Phoenix Partnership Leeds Ltd,Healthcare IT,Human Resources,HR001,4800,Supplies And Services,IT Software,56933.63,11386.73,68320.36,GBP,Paid,Direct Debit,Invoice,2023/2024,0
TXN-000334,INV-20240600334,2024-06-07,2024-08-06,2024-07-27,SUP-1033,P1 Solutions Ltd,Facilities,Facilities,FAC001,4400,Supplies And Services,Facilities Management,-975.23,-195.05,-1170.28,GBP,Paid,Bank Transfer,Credit Note,2024/2025,-10
TXN-000335,INV-20230900335,2023-09-07,2023-09-21,2023-09-15,SUP-1020,Tillicoultry Quarries Ltd,Materials,Public Health,PH001,4210,Supplies And Services,Aggregate Materials,-4214.00,-842.80,-5056.80,GBP,Paid,Bank Transfer,Credit Note,2023/2024,-6
TXN-000336,INV-20231200336,2023-12-01,2023-12-31,2023-12-30,SUP-1020,Tillicoultry Quarries Ltd,Materials,Policy,POL001,6100,Supplies And Services,Aggregate Materials,7180.20,1436.04,8616.24,GBP,Paid,BACS,Invoice,2023/2024,-1
TXN-000337,INV-20230800337,2023-08-01,2023-08-31,,SUP-1020,Tillicoultry Quarries Ltd,Materials,Research,RES001,6200,Supplies And Services,Aggregate Materials,42164.60,8432.92,50597.52,GBP,Pending,,Invoice,2023/2024,
TXN-000338,INV-20240900338,2024-09-17,2024-10-01,,SUP-1011,Decco Limited,Waste Management,Operations,OPS001,4500,Supplies And Services,Waste Processing,10226.04,2045.21,12271.25,GBP,Overdue,,Invoice,2024/2025,
TXN-000339,INV-20230700339,2023-07-30,2023-08-29,2023-08-23,SUP-1009,Firstcall Trade Services Ltd,Trade Supplies,Policy,POL001,6100,Supplies And Services,Trade Supplies,31550.29,6310.06,37860.35,GBP,Paid,Bank Transfer,Invoice,2023/2024,-6
TXN-000340,INV-20240900340,2024-09-05,2024-10-05,2024-09-28,SUP-1005,Johnston Builders & Roofing Ltd,Construction,Operations,OPS001,4500,Capital,Renovation Works,-997.22,-199.44,-1196.66,GBP,Paid,Bank Transfer,Credit Note,2024/2025,-7
TXN-000341,INV-20230500341,2023-05-16,2023-06-15,2023-06-15,SUP-1008,SAV United Kingdom Ltd,IT Hardware,Housing,HSG001,5100,Supplies And Services,IT Hardware,21997.60,4399.52,26397.12,GBP,Paid,BACS,Invoice,2023/2024,0
TXN-000342,INV-20241000342,2024-10-18,2024-12-17,2024-12-12,SUP-1012,Sovereign Group Ltd,Construction,Customer Services,CST001,4900,Capital,Building Works,25121.33,5024.27,30145.60,GBP,Paid,Cheque,Invoice,2024/2025,-5
TXN-000343,INV-20241100343,2024-11-06,2024-12-06,2024-11-28,SUP-1018,Allied Publicity Services Ltd,Marketing,Legal,LEG001,6120,Professional Services,Marketing Campaigns,10965.82,0.00,10965.82,GBP,Paid,Direct Debit,Invoice,2024/2025,-8
TXN-000344,INV-20240100344,2024-01-15,2024-02-14,2024-02-13,SUP-1005,Johnston Builders & Roofing Ltd,Construction,Customer Services,CST001,4900,Capital,Renovation Works,-2002.37,-400.47,-2402.84,GBP,Paid,Bank Transfer,Credit Note,2023/2024,-1
TXN-000345,INV-20240700345,2024-07-19,2024-08-18,2024-08-11,SUP-1020,Tillicoultry Quarries Ltd,Materials,Policy,POL001,6100,Supplies And Services,Aggregate Materials,44014.68,8802.94,52817.62,GBP,Paid,BACS,Invoice,2024/2025,-7
TXN-000346,INV-20230400346,2023-04-25,2023-05-25,2023-05-20,SUP-1010,Vital Energi Utilities Ltd,Energy & Utilities,ICT Operations,ICT001,4200,Supplies And Services,Utilities,57071.67,11414.33,68486.00,GBP,Paid,BACS,Invoice,2023/2024,-5
TXN-000347,INV-20230700347,2023-07-16,2023-08-15,2023-08-12,SUP-1025,Franks Portlock Consulting Ltd,Consultancy,Legal,LEG001,6120,Professional Services,Environmental Assessment,29648.73,0.00,29648.73,GBP,Paid,BACS,Invoice,2023/2024,-3
TXN-000348,INV-20231100348,2023-11-24,2023-12-08,2023-12-03,SUP-1018,Allied Publicity Services Ltd,Marketing,Public Health,PH001,4210,Professional Services,Marketing Campaigns,58479.65,0.00,58479.65,GBP,Paid,Bank Transfer,Invoice,2023/2024,-5
TXN-000349,INV-20230600349,2023-06-16,2023-06-30,2023-06-30,SUP-1033,P1 Solutions Ltd,Facilities,Finance,FIN001,4300,Supplies And Services,Facilities Management,39831.02,7966.20,47797.22,GBP,Paid,BACS,Invoice,2023/2024,0
TXN-000350,INV-20240200350,2024-02-17,2024-04-17,,SUP-1016,LSE Enterprise Ltd,Education & Research,Facilities,FAC001,4400,Professional Services,Training,19253.95,3850.79,23104.74,GBP,Pending,,Invoice,2023/2024,
TXN-000351,INV-20230800351,2023-08-18,2023-09-01,2023-08-30,SUP-1015,Vodafone Ltd,Telecoms,Public Health,PH001,4210,Supplies And Services,Telecommunications,10071.41,2014.28,12085.69,GBP,Paid,Purchase Card,Invoice,2023/2024,-2
TXN-000352,INV-20240900352,2024-09-30,2024-10-30,,SUP-1021,Posturite Ltd,Office Supplies,Waste Management,WM001,4600,Supplies And Services,Office Equipment,27252.05,5450.41,32702.46,GBP,Overdue,,Invoice,2024/2025,
TXN-000353,INV-20230700353,2023-07-02,2023-08-01,,SUP-1030,Wales Audit Office,Audit & Compliance,Facilities,FAC001,4400,Professional Services,External Audit,49626.60,0.00,49626.60,GBP,Overdue,,Invoice,2023/2024,
TXN-000354,INV-20230800354,2023-08-30,2023-09-29,,SUP-1014,P & M Sinclair Ltd,Construction,Legal,LEG001,6120,Capital,Renovation Works,58111.90,11622.38,69734.28,GBP,Pending,,Invoice,2023/2024,
TXN-000355,INV-20250200355,2025-02-22,2025-03-24,2025-03-22,SUP-1026,CMS Enviro Systems Ltd,Environmental,Marketing,MKT001,4700,Supplies And Services,Environmental Services,57137.77,11427.55,68565.32,GBP,Paid,Purchase Card,Invoice,2024/2025,-2
TXN-000356,INV-20230700356,2023-07-14,2023-08-13,2023-08-13,SUP-1016,LSE Enterprise Ltd,Education & Research,Public Health,PH001,4210,Professional Services,Training,49864.75,0.00,49864.75,GBP,Paid,BACS,Invoice,2023/2024,0
TXN-000357,INV-20240400357,2024-04-16,2024-05-16,2024-05-07,SUP-1013,Cinos Ltd,Telecoms,Legal,LEG001,6120,Supplies And Services,Mobile Services,55066.36,11013.27,66079.63,GBP,Paid,Bank Transfer,Invoice,2024/2025,-9
TXN-000358,INV-20250100358,2025-01-21,2025-03-22,,SUP-1002,Phoenix Partnership Leeds Ltd,Healthcare IT,Public Health,PH001,4210,Supplies And Services,IT Software,5745.72,1149.14,6894.86,GBP,Overdue,,Invoice,2024/2025,
TXN-000359,INV-20240700359,2024-07-16,2024-08-15,2024-08-06,SUP-1022,Operational Research Society,Research,Public Health,PH001,4210,Professional Services,Membership Fees,49345.70,9869.14,59214.84,GBP,Paid,Purchase Card,Invoice,2024/2025,-9
TXN-000360,INV-20230900360,2023-09-24,2023-10-24,2023-10-22,SUP-1002,Phoenix Partnership Leeds Ltd,Healthcare IT,Waste Management,WM001,4600,Professional Services,System Integration,16971.31,0.00,16971.31,GBP,Paid,BACS,Invoice,2023/2024,-2
TXN-000361,INV-20240800361,2024-08-23,2024-10-22,2024-10-15,SUP-1016,LSE Enterprise Ltd,Education & Research,Research,RES001,6200,Professional Services,Training,5491.36,1098.27,6589.63,GBP,Paid,BACS,Invoice,2024/2025,-7
TXN-000362,INV-20250100362,2025-01-05,2025-01-19,,SUP-1027,Kyocera Document Solutions UK Ltd,Office Equipment,Housing,HSG001,5100,Supplies And Services,Printing Equipment,59366.87,11873.37,71240.24,GBP,Overdue,,Invoice,2024/2025,
TXN-000363,INV-20240300363,2024-03-18,2024-04-01,2024-03-27,SUP-1023,Thames Lido Ltd,Facilities,Operations,OPS001,4500,Supplies And Services,Facilities Management,16408.53,3281.71,19690.24,GBP,Paid,BACS,Invoice,2023/2024,-5
TXN-000364,INV-20230500364,2023-05-01,2023-05-31,2023-05-24,SUP-1021,Posturite Ltd,Office Supplies,Human Resources,HR001,4800,Supplies And Services,Office Equipment,-3023.95,-604.79,-3628.74,GBP,Paid,BACS,Credit Note,2023/2024,-7
TXN-000365,INV-20250200365,2025-02-01,2025-03-03,2025-02-23,SUP-1011,Decco Limited,Waste Management,Public Health,PH001,4210,Supplies And Services,Waste Collection,45901.97,9180.39,55082.36,GBP,Paid,BACS,Invoice,2024/2025,-8
TXN-000366,INV-20230900366,2023-09-28,2023-10-28,2023-10-23,SUP-1025,Franks Portlock Consulting Ltd,Consultancy,Environment,ENV001,5200,Professional Services,Planning Consultancy,54860.31,0.00,54860.31,GBP,Paid,Cheque,Invoice,2023/2024,-5
TXN-000367,INV-20240800367,2024-08-17,2024-08-31,2024-08-29,SUP-1010,Vital Energi Utilities Ltd,Energy & Utilities,Human Resources,HR001,4800,Capital,Energy Works,2518.33,503.67,3022.00,GBP,Paid,BACS,Invoice,2024/2025,-2
TXN-000368,INV-20230400368,2023-04-21,2023-05-05,2023-05-05,SUP-1015,Vodafone Ltd,Telecoms,Human Resources,HR001,4800,Supplies And Services,Telecommunications,55094.30,11018.86,66113.16,GBP,Paid,BACS,Invoice,2023/2024,0
TXN-000369,INV-20240200369,2024-02-26,2024-03-27,2024-03-25,SUP-1009,Firstcall Trade Services Ltd,Trade Supplies,Environment,ENV001,5200,Supplies And Services,Trade Supplies,-922.85,-184.57,-1107.42,GBP,Paid,Bank Transfer,Credit Note,2023/2024,-2
TXN-000370,INV-20230600370,2023-06-14,2023-07-14,,SUP-1034,RP Slight & Sons Ltd,Construction,Legal,LEG001,6120,Capital,Renovation Works,35264.50,7052.90,42317.40,GBP,Pending,,Invoice,2023/2024,
TXN-000371,INV-20230800371,2023-08-18,2023-09-17,,SUP-1022,Operational Research Society,Research,Facilities,FAC001,4400,Professional Services,Conference Fees,47562.59,9512.52,57075.11,GBP,Pending,,Invoice,2023/2024,
TXN-000372,INV-20231100372,2023-11-15,2023-11-29,,SUP-1021,Posturite Ltd,Office Supplies,Finance,FIN001,4300,Supplies And Services,Ergonomic Equipment,22858.45,4571.69,27430.14,GBP,Overdue,,Invoice,2023/2024,
TXN-000373,INV-20230400373,2023-04-02,2023-04-16,2023-04-07,SUP-1019,Simon Tullett Machinery Ltd,Machinery,Finance,FIN001,4300,Supplies And Services,Machinery Parts,11129.38,2225.88,13355.26,GBP,Paid,Cheque,Invoice,2023/2024,-9
TXN-000374,INV-20240800374,2024-08-21,2024-09-20,2024-09-19,SUP-1015,Vodafone Ltd,Telecoms,Research,RES001,6200,Supplies And Services,Telecommunications,20971.90,4194.38,25166.28,GBP,Paid,Cheque,Invoice,2024/2025,-1
TXN-000375,INV-20250300375,2025-03-26,2025-04-25,2025-04-25,SUP-1011,Decco Limited,Waste Management,Research,RES001,6200,Supplies And Services,Waste Collection,12778.64,2555.73,15334.37,GBP,Paid,Bank Transfer,Invoice,2024/2025,0
TXN-000376,INV-20230400376,2023-04-02,2023-05-02,2023-04-25,SUP-1023,Thames Lido Ltd,Facilities,Facilities,FAC001,4400,Supplies And Services,Facilities Management,58153.83,11630.77,69784.60,GBP,Paid,Direct Debit,Invoice,2023/2024,-7
TXN-000377,INV-20240300377,2024-03-25,2024-04-08,2024-04-07,SUP-1032,Core Technology Systems UK Ltd,IT Infrastructure,Customer Services,CST001,4900,Supplies And Services,Infrastructure Support,47376.62,9475.32,56851.94,GBP,Paid,BACS,Invoice,2023/2024,-1
TXN-000378,INV-20230500378,2023-05-05,2023-06-04,2023-05-30,SUP-1011,Decco Limited,Waste Management,Operations,OPS001,4500,Supplies And Services,Waste Collection,57111.81,11422.36,68534.17,GBP,Paid,Bank Transfer,Invoice,2023/2024,-5
TXN-000379,INV-20230900379,2023-09-12,2023-10-12,2023-10-11,SUP-1022,Operational Research Society,Research,Finance,FIN001,4300,Professional Services,Conference Fees,35743.33,7148.67,42892.00,GBP,Paid,BACS,Invoice,2023/2024,-1
TXN-000380,INV-20241200380,2024-12-12,2025-02-10,2025-02-10,SUP-1028,Knowledge Train Ltd,Training,Research,RES001,6200,Professional Services,Staff Training,20032.90,0.00,20032.90,GBP,Paid,Direct Debit,Invoice,2024/2025,0
TXN-000381,INV-20240100381,2024-01-30,2024-02-29,2024-02-29,SUP-1035,Dalkeith SPV Ltd,Capital Projects,Facilities,FAC001,4400,Capital,Major Works,34413.25,6882.65,41295.90,GBP,Paid,Purchase Card,Invoice,2023/2024,0
TXN-000382,INV-20230400382,2023-04-04,2023-06-03,2023-05-30,SUP-1010,Vital Energi Utilities Ltd,Energy & Utilities,ICT Operations,ICT001,4200,Supplies And Services,Utilities,-710.69,-142.14,-852.83,GBP,Paid,BACS,Credit Note,2023/2024,-4
TXN-000383,INV-20230600383,2023-06-23,2023-08-22,,SUP-1011,Decco Limited,Waste Management,Research,RES001,6200,Supplies And Services,Waste Processing,18674.12,3734.82,22408.94,GBP,Overdue,,Invoice,2023/2024,
TXN-000384,INV-20250200384,2025-02-05,2025-03-07,2025-02-25,SUP-1026,CMS Enviro Systems Ltd,Environmental,Operations,OPS001,4500,Supplies And Services,Environmental Services,-2012.35,-402.47,-2414.82,GBP,Paid,Direct Debit,Credit Note,2024/2025,-10
TXN-000385,INV-20230500385,2023-05-16,2023-06-15,2023-06-08,SUP-1024,Institute for Government,Consultancy,Finance,FIN001,4300,Professional Services,Environmental Assessment,13767.98,2753.60,16521.58,GBP,Paid,BACS,Invoice,2023/2024,-7
TXN-000386,INV-20230600386,2023-06-27,2023-07-27,,SUP-1010,Vital Energi Utilities Ltd,Energy & Utilities,Planning,PLN001,6110,Capital,Energy Works,-3843.17,-768.63,-4611.80,GBP,Overdue,,Credit Note,2023/2024,
TXN-000387,INV-20240500387,2024-05-01,2024-05-15,2024-05-07,SUP-1015,Vodafone Ltd,Telecoms,Marketing,MKT001,4700,Supplies And Services,Telecommunications,34469.68,6893.94,41363.62,GBP,Paid,BACS,Invoice,2024/2025,-8
TXN-000388,INV-20240500388,2024-05-09,2024-06-08,2024-05-30,SUP-1031,Kin and Carta UK Ltd,Digital Services,Facilities,FAC001,4400,Professional Services,Digital Transformation,-3468.29,-0.00,-3468.29,GBP,Paid,Bank Transfer,Credit Note,2024/2025,-9
TXN-000389,INV-20231100389,2023-11-03,2023-12-03,2023-12-03,SUP-1029,Phoenix Software Ltd,IT Software,Finance,FIN001,4300,Supplies And Services,Software Licensing,4932.52,986.50,5919.02,GBP,Paid,Direct Debit,Invoice,2023/2024,0
TXN-000390,INV-20241100390,2024-11-30,2024-12-30,2024-12-29,SUP-1013,Cinos Ltd,Telecoms,Legal,LEG001,6120,Supplies And Services,Telecommunications,23438.92,4687.78,28126.70,GBP,Paid,Direct Debit,Invoice,2024/2025,-1
TXN-000391,INV-20240900391,2024-09-14,2024-11-13,,SUP-1021,Posturite Ltd,Office Supplies,Legal,LEG001,6120,Supplies And Services,Ergonomic Equipment,47246.40,9449.28,56695.68,GBP,Overdue,,Invoice,2024/2025,
TXN-000392,INV-20230700392,2023-07-25,2023-09-23,2023-09-21,SUP-1034,RP Slight & Sons Ltd,Construction,Planning,PLN001,6110,Capital,Renovation Works,-3852.29,-770.46,-4622.75,GBP,Paid,Bank Transfer,Credit Note,2023/2024,-2
TXN-000393,INV-20240100393,2024-01-18,2024-02-01,2024-01-26,SUP-1007,KPMG LLP,Professional Services,Human Resources,HR001,4800,Professional Services,Audit Fees,23136.85,4627.37,27764.22,GBP,Paid,Purchase Card,Invoice,2023/2024,-6
TXN-000394,INV-20240500394,2024-05-17,2024-06-16,2024-06-07,SUP-1003,Siemens Financial Services Ltd,Equipment Finance,Finance,FIN001,4300,Capital,Equipment Purchase,2567.26,513.45,3080.71,GBP,Paid,Cheque,Invoice,2024/2025,-9
TXN-000395,INV-20240100395,2024-01-01,2024-01-31,2024-01-26,SUP-1016,LSE Enterprise Ltd,Education & Research,ICT Operations,ICT001,4200,Professional Services,Training,18829.22,3765.84,22595.06,GBP,Paid,Bank Transfer,Invoice,2023/2024,-5
TXN-000396,INV-20240600396,2024-06-27,2024-07-27,2024-07-21,SUP-1015,Vodafone Ltd,Telecoms,Finance,FIN001,4300,Supplies And Services,Mobile Services,-1142.69,-228.54,-1371.23,GBP,Paid,BACS,Credit Note,2024/2025,-6
TXN-000397,INV-20240900397,2024-09-10,2024-10-10,,SUP-1027,Kyocera Document Solutions UK Ltd,Office Equipment,Policy,POL001,6100,Supplies And Services,Printing Equipment,31037.36,6207.47,37244.83,GBP,Overdue,,Invoice,2024/2025,
TXN-000398,INV-20250300398,2025-03-27,2025-04-10,2025-04-08,SUP-1011,Decco Limited,Waste Management,Public Health,PH001,4210,Supplies And Services,Waste Processing,-387.50,-77.50,-465.00,GBP,Paid,BACS,Credit Note,2024/2025,-2
TXN-000399,INV-20231200399,2023-12-12,2024-01-11,2024-01-11,SUP-1013,Cinos Ltd,Telecoms,Legal,LEG001,6120,Supplies And Services,Telecommunications,42351.88,8470.38,50822.26,GBP,Paid,Bank Transfer,Invoice,2023/2024,0
TXN-000400,INV-20240800400,2024-08-30,2024-10-29,,SUP-1024,Institute for Government,Consultancy,Legal,LEG001,6120,Professional Services,Environmental Assessment,40950.17,0.00,40950.17,GBP,Pending,,Invoice,2024/2025,
TXN-000401,INV-20230900401,2023-09-29,2023-11-28,2023-11-20,SUP-1024,Institute for Government,Consultancy,Operations,OPS001,4500,Professional Services,Environmental Assessment,20818.88,4163.78,24982.66,GBP,Paid,Bank Transfer,Invoice,2023/2024,-8
TXN-000402,INV-20230500402,2023-05-21,2023-06-20,,SUP-1019,Simon Tullett Machinery Ltd,Machinery,ICT Operations,ICT001,4200,Supplies And Services,Machinery Maintenance,-1268.01,-253.60,-1521.61,GBP,Overdue,,Credit Note,2023/2024,
TXN-000403,INV-20250200403,2025-02-22,2025-03-24,2025-03-14,SUP-1015,Vodafone Ltd,Telecoms,Research,RES001,6200,Supplies And Services,Telecommunications,30918.55,6183.71,37102.26,GBP,Paid,BACS,Invoice,2024/2025,-10
TXN-000404,INV-20250100404,2025-01-22,2025-02-21,2025-02-21,SUP-1031,Kin and Carta UK Ltd,Digital Services,Customer Services,CST001,4900,Professional Services,Digital Transformation,15330.33,3066.07,18396.40,GBP,Paid,Bank Transfer,Invoice,2024/2025,0
TXN-000405,INV-20240300405,2024-03-23,2024-05-22,2024-05-19,SUP-1028,Knowledge Train Ltd,Training,Customer Services,CST001,4900,Professional Services,Staff Training,18303.17,3660.63,21963.80,GBP,Paid,Bank Transfer,Invoice,2023/2024,-3
TXN-000406,INV-20240400406,2024-04-18,2024-05-02,,SUP-1001,Tech Source IT Solutions Ltd,IT & Technology,Marketing,MKT001,4700,Supplies And Services,IT Support,-1667.76,-333.55,-2001.31,GBP,Pending,,Credit Note,2024/2025,
TXN-000407,INV-20240300407,2024-03-10,2024-04-09,,SUP-1007,KPMG LLP,Professional Services,Operations,OPS001,4500,Professional Services,Audit Fees,51724.12,10344.82,62068.94,GBP,Pending,,Invoice,2023/2024,
TXN-000408,INV-20240900408,2024-09-11,2024-10-11,2024-10-02,SUP-1020,Tillicoultry Quarries Ltd,Materials,Housing,HSG001,5100,Supplies And Services,Aggregate Materials,39716.69,7943.34,47660.03,GBP,Paid,BACS,Invoice,2024/2025,-9
TXN-000409,INV-20240100409,2024-01-28,2024-02-27,2024-02-21,SUP-1002,Phoenix Partnership Leeds Ltd,Healthcare IT,Research,RES001,6200,Professional Services,System Integration,44269.74,0.00,44269.74,GBP,Paid,Cheque,Invoice,2023/2024,-6
TXN-000410,INV-20250200410,2025-02-16,2025-03-18,2025-03-14,SUP-1015,Vodafone Ltd,Telecoms,Research,RES001,6200,Supplies And Services,Mobile Services,50478.16,10095.63,60573.79,GBP,Paid,BACS,Invoice,2024/2025,-4
TXN-000411,INV-20230800411,2023-08-10,2023-09-09,,SUP-1019,Simon Tullett Machinery Ltd,Machinery,Public Health,PH001,4210,Supplies And Services,Machinery Maintenance,-1119.57,-223.91,-1343.48,GBP,Pending,,Credit Note,2023/2024,
TXN-000412,INV-20231100412,2023-11-14,2023-12-14,2023-12-10,SUP-1022,Operational Research Society,Research,Research,RES001,6200,Professional Services,Membership Fees,47338.40,9467.68,56806.08,GBP,Paid,Cheque,Invoice,2023/2024,-4
TXN-000413,INV-20240700413,2024-07-18,2024-08-17,2024-08-17,SUP-1017,Bray Leino Ltd,Marketing,Human Resources,HR001,4800,Supplies And Services,Print Media,-3198.11,-639.62,-3837.73,GBP,Paid,Purchase Card,Credit Note,2024/2025,0
TXN-000414,INV-20250200414,2025-02-26,2025-04-27,2025-04-23,SUP-1013,Cinos Ltd,Telecoms,Marketing,MKT001,4700,Supplies And Services,Telecommunications,3480.20,696.04,4176.24,GBP,Paid,BACS,Invoice,2024/2025,-4
TXN-000415,INV-20240500415,2024-05-24,2024-06-07,2024-06-05,SUP-1009,Firstcall Trade Services Ltd,Trade Supplies,Housing,HSG001,5100,Supplies And Services,Trade Supplies,51778.04,10355.61,62133.65,GBP,Paid,BACS,Invoice,2024/2025,-2
TXN-000416,INV-20250100416,2025-01-06,2025-02-05,2025-01-26,SUP-1006,Edmundson Electrical Ltd,Electrical Supplies,Operations,OPS001,4500,Supplies And Services,Electrical Materials,531.63,106.33,637.96,GBP,Paid,Bank Transfer,Invoice,2024/2025,-10
TXN-000417,INV-20241100417,2024-11-11,2024-12-11,2024-12-10,SUP-1014,P & M Sinclair Ltd,Construction,Planning,PLN001,6110,Capital,Building Works,36965.16,7393.03,44358.19,GBP,Paid,Direct Debit,Invoice,2024/2025,-1
TXN-000418,INV-20240400418,2024-04-27,2024-05-27,2024-05-19,SUP-1026,CMS Enviro Systems Ltd,Environmental,Waste Management,WM001,4600,Supplies And Services,Environmental Services,43906.88,8781.38,52688.26,GBP,Paid,BACS,Invoice,2024/2025,-8
TXN-000419,INV-20230400419,2023-04-19,2023-05-19,,SUP-1021,Posturite Ltd,Office Supplies,Planning,PLN001,6110,Supplies And Services,Office Equipment,13769.38,2753.88,16523.26,GBP,Pending,,Invoice,2023/2024,
TXN-000420,INV-20230700420,2023-07-15,2023-09-13,2023-09-04,SUP-1023,Thames Lido Ltd,Facilities,Facilities,FAC001,4400,Supplies And Services,Facilities Management,10229.46,2045.89,12275.35,GBP,Paid,BACS,Invoice,2023/2024,-9
TXN-000421,INV-20240900421,2024-09-14,2024-09-28,2024-09-23,SUP-1020,Tillicoultry Quarries Ltd,Materials,Facilities,FAC001,4400,Supplies And Services,Aggregate Materials,53306.45,10661.29,63967.74,GBP,Paid,BACS,Invoice,2024/2025,-5
TXN-000422,INV-20240400422,2024-04-02,2024-05-02,2024-04-26,SUP-1022,Operational Research Society,Research,Customer Services,CST001,4900,Professional Services,Conference Fees,13897.99,0.00,13897.99,GBP,Paid,BACS,Invoice,2024/2025,-6
TXN-000423,INV-20230800423,2023-08-05,2023-09-04,,SUP-1002,Phoenix Partnership Leeds Ltd,Healthcare IT,Human Resources,HR001,4800,Supplies And Services,IT Software,22667.75,4533.55,27201.30,GBP,Pending,,Invoice,2023/2024,
TXN-000424,INV-20241200424,2024-12-29,2025-01-28,2025-01-28,SUP-1017,Bray Leino Ltd,Marketing,Planning,PLN001,6110,Supplies And Services,Branding Materials,39300.67,7860.13,47160.80,GBP,Paid,BACS,Invoice,2024/2025,0
TXN-000425,INV-20240500425,2024-05-31,2024-07-30,2024-07-29,SUP-1004,Jamieson Joiners & Builders Ltd,Construction,Policy,POL001,6100,Capital,Building Works,-3583.87,-716.77,-4300.64,GBP,Paid,BACS,Credit Note,2024/2025,-1
TXN-000426,INV-20250200426,2025-02-06,2025-03-08,,SUP-1001,Tech Source IT Solutions Ltd,IT & Technology,Facilities,FAC001,4400,Supplies And Services,IT Software,-3126.76,-625.35,-3752.11,GBP,Pending,,Credit Note,2024/2025,
TXN-000427,INV-20240900427,2024-09-05,2024-09-19,2024-09-15,SUP-1009,Firstcall Trade Services Ltd,Trade Supplies,Waste Management,WM001,4600,Supplies And Services,Trade Supplies,47139.41,9427.88,56567.29,GBP,Paid,Purchase Card,Invoice,2024/2025,-4
TXN-000428,INV-20231200428,2023-12-26,2024-01-09,2024-01-04,SUP-1013,Cinos Ltd,Telecoms,Human Resources,HR001,4800,Supplies And Services,Telecommunications,17897.23,3579.45,21476.68,GBP,Paid,BACS,Invoice,2023/2024,-5
TXN-000429,INV-20250300429,2025-03-05,2025-05-04,2025-05-01,SUP-1032,Core Technology Systems UK Ltd,IT Infrastructure,Customer Services,CST001,4900,Supplies And Services,Infrastructure Support,1011.78,202.36,1214.14,GBP,Paid,Bank Transfer,Invoice,2024/2025,-3
TXN-000430,INV-20230800430,2023-08-31,2023-09-30,,SUP-1008,SAV United Kingdom Ltd,IT Hardware,Legal,LEG001,6120,Supplies And Services,Network Equipment,-3686.99,-737.40,-4424.39,GBP,Overdue,,Credit Note,2023/2024,
TXN-000431,INV-20240700431,2024-07-11,2024-08-10,2024-08-03,SUP-1017,Bray Leino Ltd,Marketing,Research,RES001,6200,Professional Services,Marketing Campaigns,6213.58,0.00,6213.58,GBP,Paid,BACS,Invoice,2024/2025,-7
TXN-000432,INV-20240600432,2024-06-10,2024-07-10,2024-07-10,SUP-1019,Simon Tullett Machinery Ltd,Machinery,Environment,ENV001,5200,Supplies And Services,Machinery Maintenance,51156.92,10231.38,61388.30,GBP,Paid,BACS,Invoice,2024/2025,0
TXN-000433,INV-20241200433,2024-12-27,2025-01-26,,SUP-1022,Operational Research Society,Research,Environment,ENV001,5200,Professional Services,Conference Fees,22514.17,4502.83,27017.00,GBP,Pending,,Invoice,2024/2025,
TXN-000434,INV-20240500434,2024-05-14,2024-07-13,2024-07-07,SUP-1012,Sovereign Group Ltd,Construction,Public Health,PH001,4210,Capital,Renovation Works,48043.97,9608.79,57652.76,GBP,Paid,BACS,Invoice,2024/2025,-6
TXN-000435,INV-20230900435,2023-09-11,2023-10-11,2023-10-02,SUP-1008,SAV United Kingdom Ltd,IT Hardware,Finance,FIN001,4300,Supplies And Services,IT Hardware,48185.32,9637.06,57822.38,GBP,Paid,Purchase Card,Invoice,2023/2024,-9
TXN-000436,INV-20240400436,2024-04-02,2024-04-16,2024-04-06,SUP-1012,Sovereign Group Ltd,Construction,Human Resources,HR001,4800,Capital,Renovation Works,29114.01,5822.80,34936.81,GBP,Paid,Purchase Card,Invoice,2024/2025,-10
TXN-000437,INV-20240600437,2024-06-25,2024-07-25,2024-07-21,SUP-1008,SAV United Kingdom Ltd,IT Hardware,Customer Services,CST001,4900,Supplies And Services,Network Equipment,988.52,197.70,1186.22,GBP,Paid,BACS,Invoice,2024/2025,-4
TXN-000438,INV-20240600438,2024-06-17,2024-07-17,2024-07-12,SUP-1022,Operational Research Society,Research,Marketing,MKT001,4700,Professional Services,Membership Fees,9132.10,0.00,9132.10,GBP,Paid,BACS,Invoice,2024/2025,-5
TXN-000439,INV-20240800439,2024-08-20,2024-09-19,2024-09-12,SUP-1011,Decco Limited,Waste Management,Marketing,MKT001,4700,Supplies And Services,Waste Processing,14643.29,2928.66,17571.95,GBP,Paid,Bank Transfer,Invoice,2024/2025,-7
TXN-000440,INV-20241000440,2024-10-15,2024-12-14,2024-12-11,SUP-1004,Jamieson Joiners & Builders Ltd,Construction,Marketing,MKT001,4700,Capital,Building Works,27680.90,5536.18,33217.08,GBP,Paid,Purchase Card,Invoice,2024/2025,-3
TXN-000441,INV-20240700441,2024-07-01,2024-07-31,2024-07-24,SUP-1006,Edmundson Electrical Ltd,Electrical Supplies,Legal,LEG001,6120,Supplies And Services,Electrical Materials,6382.94,1276.59,7659.53,GBP,Paid,Direct Debit,Invoice,2024/2025,-7
TXN-000442,INV-20230700442,2023-07-03,2023-07-17,2023-07-07,SUP-1003,Siemens Financial Services Ltd,Equipment Finance,Marketing,MKT001,4700,Supplies And Services,Equipment Lease,53434.13,10686.83,64120.96,GBP,Paid,BACS,Invoice,2023/2024,-10
TXN-000443,INV-20230500443,2023-05-26,2023-06-25,,SUP-1030,Wales Audit Office,Audit & Compliance,Environment,ENV001,5200,Professional Services,External Audit,20085.36,4017.07,24102.43,GBP,Overdue,,Invoice,2023/2024,
TXN-000444,INV-20230700444,2023-07-26,2023-08-25,,SUP-1024,Institute for Government,Consultancy,Policy,POL001,6100,Professional Services,Environmental Assessment,381.27,76.25,457.52,GBP,Overdue,,Invoice,2023/2024,
TXN-000445,INV-20250300445,2025-03-19,2025-04-18,2025-04-16,SUP-1019,Simon Tullett Machinery Ltd,Machinery,Marketing,MKT001,4700,Supplies And Services,Machinery Maintenance,8641.84,1728.37,10370.21,GBP,Paid,Direct Debit,Invoice,2024/2025,-2
TXN-000446,INV-20231000446,2023-10-18,2023-11-17,2023-11-11,SUP-1007,KPMG LLP,Professional Services,Facilities,FAC001,4400,Professional Services,Consultancy,27558.50,0.00,27558.50,GBP,Paid,Cheque,Invoice,2023/2024,-6
TXN-000447,INV-20230500447,2023-05-18,2023-06-01,2023-05-25,SUP-1007,KPMG LLP,Professional Services,Planning,PLN001,6110,Professional Services,Tax Advisory,39592.79,0.00,39592.79,GBP,Paid,Purchase Card,Invoice,2023/2024,-7
TXN-000448,INV-20230500448,2023-05-20,2023-06-03,2023-05-25,SUP-1001,Tech Source IT Solutions Ltd,IT & Technology,Marketing,MKT001,4700,Supplies And Services,IT Support,55481.16,11096.23,66577.39,GBP,Paid,BACS,Invoice,2023/2024,-9
TXN-000449,INV-20230700449,2023-07-16,2023-09-14,,SUP-1012,Sovereign Group Ltd,Construction,Policy,POL001,6100,Capital,Building Works,-1778.76,-355.75,-2134.51,GBP,Pending,,Credit Note,2023/2024,
TXN-000450,INV-20240100450,2024-01-06,2024-03-06,2024-03-02,SUP-1025,Franks Portlock Consulting Ltd,Consultancy,Waste Management,WM001,4600,Professional Services,Planning Consultancy,48336.61,0.00,48336.61,GBP,Paid,Direct Debit,Invoice,2023/2024,-4
TXN-000451,INV-20250300451,2025-03-29,2025-04-12,,SUP-1033,P1 Solutions Ltd,Facilities,Facilities,FAC001,4400,Supplies And Services,Facilities Management,12253.12,2450.62,14703.74,GBP,Pending,,Invoice,2024/2025,
TXN-000452,INV-20250200452,2025-02-17,2025-03-19,,SUP-1019,Simon Tullett Machinery Ltd,Machinery,Research,RES001,6200,Supplies And Services,Machinery Maintenance,30357.63,6071.53,36429.16,GBP,Pending,,Invoice,2024/2025,
TXN-000453,INV-20240300453,2024-03-26,2024-04-09,2024-03-31,SUP-1021,Posturite Ltd,Office Supplies,Policy,POL001,6100,Supplies And Services,Office Equipment,-3623.09,-724.62,-4347.71,GBP,Paid,Bank Transfer,Credit Note,2023/2024,-9
TXN-000454,INV-20240900454,2024-09-17,2024-10-17,2024-10-11,SUP-1028,Knowledge Train Ltd,Training,Planning,PLN001,6110,Professional Services,Staff Training,3420.63,0.00,3420.63,GBP,Paid,BACS,Invoice,2024/2025,-6
TXN-000455,INV-20240100455,2024-01-19,2024-02-18,2024-02-18,SUP-1018,Allied Publicity Services Ltd,Marketing,Planning,PLN001,6110,Professional Services,Marketing Campaigns,12439.05,0.00,12439.05,GBP,Paid,Cheque,Invoice,2023/2024,0
TXN-000456,INV-20250100456,2025-01-22,2025-02-05,2025-02-02,SUP-1029,Phoenix Software Ltd,IT Software,Public Health,PH001,4210,Supplies And Services,Software Licensing,-4044.40,-808.88,-4853.28,GBP,Paid,Bank Transfer,Credit Note,2024/2025,-3
TXN-000457,INV-20240500457,2024-05-01,2024-06-30,,SUP-1004,Jamieson Joiners & Builders Ltd,Construction,Customer Services,CST001,4900,Capital,Renovation Works,57958.53,11591.71,69550.24,GBP,Overdue,,Invoice,2024/2025,
TXN-000458,INV-20231200458,2023-12-14,2024-01-13,2024-01-06,SUP-1004,Jamieson Joiners & Builders Ltd,Construction,ICT Operations,ICT001,4200,Capital,Joinery Works,54711.31,10942.26,65653.57,GBP,Paid,Cheque,Invoice,2023/2024,-7
TXN-000459,INV-20231000459,2023-10-16,2023-11-15,2023-11-13,SUP-1035,Dalkeith SPV Ltd,Capital Projects,Policy,POL001,6100,Capital,Major Works,11421.85,2284.37,13706.22,GBP,Paid,BACS,Invoice,2023/2024,-2
TXN-000460,INV-20230500460,2023-05-12,2023-07-11,2023-07-03,SUP-1033,P1 Solutions Ltd,Facilities,Public Health,PH001,4210,Supplies And Services,Facilities Management,8021.48,1604.30,9625.78,GBP,Paid,Bank Transfer,Invoice,2023/2024,-8
TXN-000461,INV-20250300461,2025-03-27,2025-04-26,2025-04-24,SUP-1001,Tech Source IT Solutions Ltd,IT & Technology,Environment,ENV001,5200,Supplies And Services,IT Software,35913.60,7182.72,43096.32,GBP,Paid,Bank Transfer,Invoice,2024/2025,-2
TXN-000462,INV-20230600462,2023-06-14,2023-07-14,2023-07-11,SUP-1032,Core Technology Systems UK Ltd,IT Infrastructure,Planning,PLN001,6110,Supplies And Services,Infrastructure Support,31356.23,6271.25,37627.48,GBP,Paid,BACS,Invoice,2023/2024,-3
TXN-000463,INV-20230700463,2023-07-04,2023-08-03,2023-07-31,SUP-1027,Kyocera Document Solutions UK Ltd,Office Equipment,Marketing,MKT001,4700,Supplies And Services,Printing Equipment,20031.23,4006.25,24037.48,GBP,Paid,Bank Transfer,Invoice,2023/2024,-3
TXN-000464,INV-20240900464,2024-09-25,2024-11-24,2024-11-14,SUP-1014,P & M Sinclair Ltd,Construction,Planning,PLN001,6110,Capital,Joinery Works,7104.64,1420.93,8525.57,GBP,Paid,Cheque,Invoice,2024/2025,-10
TXN-000465,INV-20230500465,2023-05-11,2023-06-10,2023-06-09,SUP-1029,Phoenix Software Ltd,IT Software,Housing,HSG001,5100,Supplies And Services,Software Licensing,15581.29,3116.26,18697.55,GBP,Paid,Bank Transfer,Invoice,2023/2024,-1
TXN-000466,INV-20240900466,2024-09-08,2024-09-22,2024-09-15,SUP-1002,Phoenix Partnership Leeds Ltd,Healthcare IT,Customer Services,CST001,4900,Professional Services,System Integration,17961.93,0.00,17961.93,GBP,Paid,Cheque,Invoice,2024/2025,-7
TXN-000467,INV-20230900467,2023-09-19,2023-10-03,2023-10-03,SUP-1033,P1 Solutions Ltd,Facilities,Public Health,PH001,4210,Supplies And Services,Facilities Management,12844.19,2568.84,15413.03,GBP,Paid,BACS,Invoice,2023/2024,0
TXN-000468,INV-20231000468,2023-10-28,2023-11-11,,SUP-1028,Knowledge Train Ltd,Training,Legal,LEG001,6120,Professional Services,Staff Training,38882.03,0.00,38882.03,GBP,Overdue,,Invoice,2023/2024,
TXN-000469,INV-20240300469,2024-03-05,2024-04-04,2024-04-03,SUP-1010,Vital Energi Utilities Ltd,Energy & Utilities,ICT Operations,ICT001,4200,Supplies And Services,Utilities,10885.03,2177.01,13062.04,GBP,Paid,Bank Transfer,Invoice,2023/2024,-1
TXN-000470,INV-20231200470,2023-12-21,2024-02-19,2024-02-12,SUP-1005,Johnston Builders & Roofing Ltd,Construction,Human Resources,HR001,4800,Capital,Building Works,26123.25,5224.65,31347.90,GBP,Paid,BACS,Invoice,2023/2024,-7
TXN-000471,INV-20240900471,2024-09-29,2024-10-29,,SUP-1025,Franks Portlock Consulting Ltd,Consultancy,Research,RES001,6200,Professional Services,Planning Consultancy,-3793.27,-0.00,-3793.27,GBP,Pending,,Credit Note,2024/2025,
TXN-000472,INV-20230700472,2023-07-18,2023-08-17,,SUP-1005,Johnston Builders & Roofing Ltd,Construction,Environment,ENV001,5200,Capital,Joinery Works,36492.31,7298.46,43790.77,GBP,Overdue,,Invoice,2023/2024,
TXN-000473,INV-20240400473,2024-04-25,2024-06-24,,SUP-1019,Simon Tullett Machinery Ltd,Machinery,Planning,PLN001,6110,Supplies And Services,Machinery Maintenance,28570.76,5714.15,34284.91,GBP,Overdue,,Invoice,2024/2025,
TXN-000474,INV-20240500474,2024-05-05,2024-05-19,2024-05-09,SUP-1035,Dalkeith SPV Ltd,Capital Projects,Housing,HSG001,5100,Capital,Major Works,18058.88,3611.78,21670.66,GBP,Paid,Cheque,Invoice,2024/2025,-10
TXN-000475,INV-20230800475,2023-08-23,2023-09-22,2023-09-22,SUP-1001,Tech Source IT Solutions Ltd,IT & Technology,Marketing,MKT001,4700,Supplies And Services,IT Support,-2801.47,-560.29,-3361.76,GBP,Paid,Bank Transfer,Credit Note,2023/2024,0
TXN-000476,INV-20231100476,2023-11-03,2024-01-02,,SUP-1020,Tillicoultry Quarries Ltd,Materials,Housing,HSG001,5100,Supplies And Services,Aggregate Materials,-1123.97,-224.79,-1348.76,GBP,Pending,,Credit Note,2023/2024,
TXN-000477,INV-20231000477,2023-10-03,2023-10-17,,SUP-1017,Bray Leino Ltd,Marketing,Housing,HSG001,5100,Professional Services,Marketing Campaigns,51120.42,10224.08,61344.50,GBP,Overdue,,Invoice,2023/2024,
TXN-000478,INV-20230600478,2023-06-08,2023-07-08,2023-07-05,SUP-1005,Johnston Builders & Roofing Ltd,Construction,Facilities,FAC001,4400,Capital,Joinery Works,-1821.54,-364.31,-2185.85,GBP,Paid,BACS,Credit Note,2023/2024,-3
TXN-000479,INV-20241200479,2024-12-25,2025-01-24,2025-01-19,SUP-1016,LSE Enterprise Ltd,Education & Research,Public Health,PH001,4210,Professional Services,Training,27176.10,5435.22,32611.32,GBP,Paid,BACS,Invoice,2024/2025,-5
TXN-000480,INV-20240600480,2024-06-12,2024-07-12,2024-07-07,SUP-1024,Institute for Government,Consultancy,Planning,PLN001,6110,Professional Services,Environmental Assessment,47193.19,9438.64,56631.83,GBP,Paid,Bank Transfer,Invoice,2024/2025,-5
TXN-000481,INV-20240800481,2024-08-04,2024-10-03,2024-09-28,SUP-1024,Institute for Government,Consultancy,Finance,FIN001,4300,Professional Services,Environmental Assessment,29346.54,0.00,29346.54,GBP,Paid,BACS,Invoice,2024/2025,-5
TXN-000482,INV-20230800482,2023-08-22,2023-09-05,2023-09-01,SUP-1006,Edmundson Electrical Ltd,Electrical Supplies,Legal,LEG001,6120,Supplies And Services,Electrical Materials,43713.67,8742.73,52456.40,GBP,Paid,BACS,Invoice,2023/2024,-4
TXN-000483,INV-20241100483,2024-11-16,2024-11-30,2024-11-21,SUP-1033,P1 Solutions Ltd,Facilities,Research,RES001,6200,Supplies And Services,Facilities Management,54401.64,10880.33,65281.97,GBP,Paid,Bank Transfer,Invoice,2024/2025,-9
TXN-000484,INV-20250100484,2025-01-29,2025-02-28,2025-02-22,SUP-1035,Dalkeith SPV Ltd,Capital Projects,Customer Services,CST001,4900,Capital,Major Works,53513.39,10702.68,64216.07,GBP,Paid,Bank Transfer,Invoice,2024/2025,-6
TXN-000485,INV-20240500485,2024-05-11,2024-06-10,2024-06-10,SUP-1009,Firstcall Trade Services Ltd,Trade Supplies,Operations,OPS001,4500,Supplies And Services,Trade Supplies,50916.91,10183.38,61100.29,GBP,Paid,BACS,Invoice,2024/2025,0
TXN-000486,INV-20230900486,2023-09-11,2023-10-11,2023-10-02,SUP-1033,P1 Solutions Ltd,Facilities,Finance,FIN001,4300,Supplies And Services,Facilities Management,44221.21,8844.24,53065.45,GBP,Paid,Purchase Card,Invoice,2023/2024,-9
TXN-000487,INV-20240800487,2024-08-12,2024-09-11,2024-09-07,SUP-1023,Thames Lido Ltd,Facilities,ICT Operations,ICT001,4200,Supplies And Services,Facilities Management,14232.62,2846.52,17079.14,GBP,Paid,BACS,Invoice,2024/2025,-4
TXN-000488,INV-20240500488,2024-05-02,2024-07-01,2024-07-01,SUP-1034,RP Slight & Sons Ltd,Construction,Customer Services,CST001,4900,Capital,Renovation Works,58840.24,11768.05,70608.29,GBP,Paid,Cheque,Invoice,2024/2025,0
TXN-000489,INV-20250100489,2025-01-08,2025-02-07,,SUP-1007,KPMG LLP,Professional Services,Policy,POL001,6100,Professional Services,Consultancy,34823.23,0.00,34823.23,GBP,Overdue,,Invoice,2024/2025,
TXN-000490,INV-20240400490,2024-04-09,2024-04-23,,SUP-1025,Franks Portlock Consulting Ltd,Consultancy,Research,RES001,6200,Professional Services,Environmental Assessment,31120.61,6224.12,37344.73,GBP,Pending,,Invoice,2024/2025,
TXN-000491,INV-20240300491,2024-03-27,2024-04-26,2024-04-19,SUP-1015,Vodafone Ltd,Telecoms,Marketing,MKT001,4700,Supplies And Services,Mobile Services,-4439.66,-887.93,-5327.59,GBP,Paid,Purchase Card,Credit Note,2023/2024,-7
TXN-000492,INV-20240900492,2024-09-08,2024-10-08,2024-10-06,SUP-1011,Decco Limited,Waste Management,Housing,HSG001,5100,Supplies And Services,Waste Collection,9652.10,1930.42,11582.52,GBP,Paid,Bank Transfer,Invoice,2024/2025,-2
TXN-000493,INV-20230700493,2023-07-26,2023-09-24,,SUP-1015,Vodafone Ltd,Telecoms,Waste Management,WM001,4600,Supplies And Services,Mobile Services,28871.51,5774.30,34645.81,GBP,Pending,,Invoice,2023/2024,
TXN-000494,INV-20230400494,2023-04-23,2023-05-23,2023-05-21,SUP-1011,Decco Limited,Waste Management,Research,RES001,6200,Supplies And Services,Waste Processing,-889.94,-177.99,-1067.93,GBP,Paid,BACS,Credit Note,2023/2024,-2
TXN-000495,INV-20231200495,2023-12-21,2024-01-20,2024-01-14,SUP-1010,Vital Energi Utilities Ltd,Energy & Utilities,ICT Operations,ICT001,4200,Capital,Energy Works,-3278.71,-655.74,-3934.45,GBP,Paid,Bank Transfer,Credit Note,2023/2024,-6
TXN-000496,INV-20241200496,2024-12-12,2025-02-10,,SUP-1006,Edmundson Electrical Ltd,Electrical Supplies,Housing,HSG001,5100,Supplies And Services,Electrical Materials,10441.37,2088.27,12529.64,GBP,Overdue,,Invoice,2024/2025,
TXN-000497,INV-20241100497,2024-11-17,2024-12-17,2024-12-07,SUP-1027,Kyocera Document Solutions UK Ltd,Office Equipment,Human Resources,HR001,4800,Supplies And Services,Printing Equipment,-3689.89,-737.98,-4427.87,GBP,Paid,Cheque,Credit Note,2024/2025,-10
TXN-000498,INV-20231100498,2023-11-22,2024-01-21,2024-01-19,SUP-1030,Wales Audit Office,Audit & Compliance,Human Resources,HR001,4800,Professional Services,External Audit,1239.62,247.92,1487.54,GBP,Paid,BACS,Invoice,2023/2024,-2
TXN-000499,INV-20241200499,2024-12-20,2025-01-03,2024-12-26,SUP-1007,KPMG LLP,Professional Services,Finance,FIN001,4300,Professional Services,Tax Advisory,-692.65,-0.00,-692.65,GBP,Paid,BACS,Credit Note,2024/2025,-8
TXN-000500,INV-20240400500,2024-04-14,2024-05-14,,SUP-1028,Knowledge Train Ltd,Training,Marketing,MKT001,4700,Professional Services,Staff Training,-4707.50,-941.50,-5649.00,GBP,Pending,,Credit Note,2024/2025,
